Unnamed: 0,ADA,BNB,BTC,DOGE,EOS,ETH,IOTA,LTC,NEO,VET,XLM,XMR,XRP,Publish Date,ada,bnb,btc,doge,eos,eth,ltc,miota,neo,vet,xlm,xmr,xrp
count,608.0,608.0,608.0,608.0,608.0,608.0,608.0,608.0,608.0,608.0,608.0,608.0,608.0,,,,,,,,,,,,,,
mean,71.8782894736842,91.41118421052632,418.67763157894734,1306.6134868421052,13.606907894736842,245.8634868421053,11.671052631578949,15.123355263157896,14.671052631578949,16.830592105263158,14.75657894736842,28.929276315789476,60.20888157894737,,,,,,,,,,,,,,
std,100.64473372900488,136.9680827426352,260.6950310272313,4040.6225710154313,7.574675028706788,196.23281431130115,10.073552444753162,16.34319673939915,11.012364664158268,19.60371610986166,14.155989859531104,17.662027459296603,133.08299965596325,,,,,,,,,,,,,,
min,0.0,0.0,0.0,0.0,0.0,0.0,0.0,0.0,0.0,0.0,0.0,0.0,0.0,,,,,,,,,,,,,,
25%,22.0,13.0,260.75,15.0,9.0,135.0,5.0,5.0,6.0,6.0,6.0,17.0,18.0,,,,,,,,,,,,,,
50%,32.0,25.0,326.5,22.0,13.0,178.0,9.0,9.0,12.5,10.0,10.0,24.0,28.0,,,,,,,,,,,,,,
75%,87.25,116.25,537.5,474.25,18.0,276.5,14.0,18.25,20.0,18.0,17.0,37.0,64.5,,,,,,,,,,,,,,
max,1166.0,811.0,2049.0,48493.0,63.0,1389.0,76.0,136.0,82.0,163.0,98.0,110.0,2759.0,,,,,,,,,,,,,,
,,,,,,,,,,,,,,2019-11-16,,,,,,,,,,,,,
,,,,,,,,,,,,,,2019-11-17,22.0,4.0,254.0,12.0,11.0,47.0,8.0,7.0,2.0,18.0,11.0,18.0,14.0
,,,,,,,,,,,,,,2019-11-18,21.0,10.0,216.0,12.0,15.0,51.0,6.0,11.0,1.0,12.0,13.0,7.0,12.0
,,,,,,,,,,,,,,2019-11-19,23.0,8.0,254.0,13.0,32.0,88.0,10.0,4.0,12.0,16.0,16.0,15.0,16.0
,,,,,,,,,,,,,,2019-11-20,12.0,12.0,309.0,10.0,24.0,95.0,9.0,9.0,12.0,11.0,16.0,26.0,24.0
,,,,,,,,,,,,,,2019-11-21,16.0,14.0,294.0,9.0,21.0,108.0,7.0,4.0,7.0,18.0,11.0,32.0,22.0
,,,,,,,,,,,,,,2019-11-22,26.0,16.0,347.0,12.0,29.0,115.0,6.0,9.0,7.0,12.0,13.0,22.0,28.0
,,,,,,,,,,,,,,2019-11-23,15.0,25.0,328.0,13.0,20.0,70.0,9.0,10.0,7.0,6.0,16.0,26.0,18.0
,,,,,,,,,,,,,,2019-11-24,19.0,10.0,228.0,10.0,11.0,57.0,2.0,4.0,3.0,4.0,8.0,23.0,13.0
,,,,,,,,,,,,,,2019-11-25,13.0,12.0,219.0,13.0,10.0,49.0,9.0,8.0,6.0,7.0,4.0,25.0,9.0
,,,,,,,,,,,,,,2019-11-26,23.0,13.0,346.0,10.0,22.0,91.0,13.0,8.0,13.0,9.0,13.0,31.0,39.0
,,,,,,,,,,,,,,2019-11-27,20.0,14.0,280.0,14.0,16.0,105.0,4.0,14.0,4.0,11.0,7.0,29.0,31.0
,,,,,,,,,,,,,,2019-11-28,18.0,5.0,338.0,10.0,27.0,105.0,9.0,6.0,3.0,14.0,11.0,39.0,24.0
,,,,,,,,,,,,,,2019-11-29,24.0,14.0,264.0,13.0,29.0,75.0,7.0,5.0,7.0,10.0,13.0,20.0,23.0
,,,,,,,,,,,,,,2019-11-30,40.0,12.0,304.0,14.0,15.0,81.0,10.0,10.0,7.0,18.0,7.0,36.0,17.0
,,,,,,,,,,,,,,2019-12-01,22.0,6.0,201.0,5.0,21.0,62.0,7.0,5.0,3.0,7.0,8.0,38.0,16.0
,,,,,,,,,,,,,,2019-12-02,10.0,13.0,214.0,3.0,15.0,77.0,7.0,3.0,3.0,8.0,4.0,41.0,18.0
,,,,,,,,,,,,,,2019-12-03,10.0,13.0,318.0,8.0,18.0,84.0,9.0,8.0,5.0,19.0,10.0,38.0,24.0
,,,,,,,,,,,,,,2019-12-04,18.0,17.0,324.0,9.0,15.0,117.0,14.0,5.0,3.0,13.0,8.0,30.0,28.0
,,,,,,,,,,,,,,2019-12-05,13.0,13.0,279.0,12.0,21.0,102.0,13.0,4.0,4.0,9.0,11.0,22.0,21.0
,,,,,,,,,,,,,,2019-12-06,24.0,5.0,271.0,9.0,27.0,127.0,6.0,10.0,3.0,16.0,8.0,12.0,31.0
,,,,,,,,,,,,,,2019-12-07,15.0,3.0,259.0,19.0,29.0,111.0,3.0,10.0,3.0,13.0,11.0,13.0,29.0
,,,,,,,,,,,,,,2019-12-08,29.0,10.0,217.0,17.0,13.0,74.0,3.0,6.0,5.0,6.0,9.0,18.0,6.0
,,,,,,,,,,,,,,2019-12-09,21.0,10.0,197.0,8.0,16.0,71.0,5.0,4.0,2.0,5.0,8.0,16.0,16.0
,,,,,,,,,,,,,,2019-12-10,17.0,9.0,238.0,8.0,23.0,101.0,4.0,5.0,9.0,13.0,15.0,33.0,24.0
,,,,,,,,,,,,,,2019-12-11,23.0,9.0,281.0,11.0,18.0,135.0,5.0,14.0,3.0,9.0,11.0,16.0,25.0
,,,,,,,,,,,,,,2019-12-12,33.0,9.0,262.0,15.0,27.0,113.0,4.0,9.0,6.0,7.0,12.0,26.0,30.0
,,,,,,,,,,,,,,2019-12-13,19.0,8.0,263.0,15.0,25.0,100.0,6.0,7.0,4.0,6.0,9.0,20.0,22.0
,,,,,,,,,,,,,,2019-12-14,33.0,4.0,205.0,12.0,25.0,85.0,5.0,6.0,4.0,14.0,10.0,25.0,21.0
,,,,,,,,,,,,,,2019-12-15,13.0,7.0,187.0,8.0,9.0,68.0,3.0,9.0,4.0,11.0,10.0,16.0,11.0
,,,,,,,,,,,,,,2019-12-16,20.0,4.0,194.0,5.0,11.0,59.0,3.0,4.0,1.0,2.0,9.0,22.0,10.0
,,,,,,,,,,,,,,2019-12-17,31.0,7.0,277.0,13.0,19.0,113.0,4.0,6.0,5.0,5.0,12.0,21.0,15.0
,,,,,,,,,,,,,,2019-12-18,69.0,9.0,278.0,9.0,13.0,101.0,10.0,8.0,3.0,10.0,18.0,11.0,25.0
,,,,,,,,,,,,,,2019-12-19,63.0,7.0,281.0,14.0,22.0,120.0,4.0,17.0,6.0,14.0,15.0,18.0,26.0
,,,,,,,,,,,,,,2019-12-20,54.0,7.0,263.0,6.0,38.0,150.0,9.0,15.0,3.0,12.0,6.0,32.0,31.0
,,,,,,,,,,,,,,2019-12-21,39.0,8.0,244.0,14.0,15.0,82.0,4.0,7.0,5.0,8.0,8.0,18.0,40.0
,,,,,,,,,,,,,,2019-12-22,29.0,4.0,176.0,10.0,7.0,62.0,4.0,9.0,3.0,2.0,10.0,13.0,26.0
,,,,,,,,,,,,,,2019-12-23,37.0,4.0,170.0,4.0,11.0,35.0,6.0,4.0,9.0,10.0,7.0,20.0,14.0
,,,,,,,,,,,,,,2019-12-24,33.0,11.0,247.0,9.0,15.0,75.0,10.0,5.0,6.0,2.0,5.0,18.0,22.0
,,,,,,,,,,,,,,2019-12-25,30.0,3.0,207.0,11.0,11.0,60.0,5.0,5.0,13.0,9.0,4.0,9.0,13.0
,,,,,,,,,,,,,,2019-12-26,17.0,4.0,155.0,9.0,12.0,45.0,0.0,8.0,12.0,6.0,4.0,10.0,22.0
,,,,,,,,,,,,,,2019-12-27,36.0,11.0,202.0,12.0,21.0,91.0,11.0,2.0,3.0,6.0,6.0,17.0,21.0
,,,,,,,,,,,,,,2019-12-28,33.0,9.0,191.0,14.0,10.0,70.0,6.0,3.0,13.0,8.0,8.0,21.0,19.0
,,,,,,,,,,,,,,2019-12-29,27.0,3.0,215.0,22.0,13.0,82.0,3.0,5.0,4.0,5.0,6.0,18.0,14.0
,,,,,,,,,,,,,,2019-12-30,27.0,5.0,161.0,12.0,25.0,35.0,9.0,8.0,5.0,7.0,5.0,14.0,18.0
,,,,,,,,,,,,,,2019-12-31,22.0,11.0,228.0,10.0,12.0,122.0,10.0,8.0,4.0,10.0,9.0,24.0,14.0
,,,,,,,,,,,,,,2020-01-01,29.0,7.0,187.0,14.0,22.0,102.0,8.0,7.0,8.0,8.0,5.0,8.0,17.0
,,,,,,,,,,,,,,2020-01-02,17.0,5.0,161.0,13.0,8.0,81.0,7.0,7.0,22.0,3.0,5.0,14.0,16.0
,,,,,,,,,,,,,,2020-01-03,34.0,4.0,240.0,15.0,19.0,113.0,3.0,7.0,11.0,7.0,12.0,24.0,29.0
,,,,,,,,,,,,,,2020-01-04,28.0,14.0,270.0,16.0,12.0,88.0,5.0,10.0,9.0,6.0,8.0,26.0,14.0
,,,,,,,,,,,,,,2020-01-05,26.0,8.0,236.0,17.0,16.0,87.0,4.0,2.0,11.0,2.0,13.0,15.0,14.0
,,,,,,,,,,,,,,2020-01-06,40.0,3.0,226.0,6.0,4.0,84.0,6.0,5.0,14.0,1.0,7.0,30.0,9.0
,,,,,,,,,,,,,,2020-01-07,34.0,20.0,236.0,15.0,25.0,74.0,5.0,6.0,6.0,12.0,11.0,31.0,49.0
,,,,,,,,,,,,,,2020-01-08,30.0,8.0,291.0,17.0,13.0,135.0,7.0,9.0,12.0,5.0,7.0,19.0,21.0
,,,,,,,,,,,,,,2020-01-09,27.0,20.0,335.0,15.0,14.0,166.0,5.0,9.0,12.0,10.0,11.0,26.0,15.0
,,,,,,,,,,,,,,2020-01-10,21.0,10.0,210.0,12.0,21.0,158.0,4.0,6.0,25.0,6.0,17.0,19.0,27.0
,,,,,,,,,,,,,,2020-01-11,30.0,11.0,234.0,20.0,16.0,145.0,3.0,6.0,7.0,9.0,11.0,20.0,17.0
,,,,,,,,,,,,,,2020-01-12,17.0,6.0,179.0,5.0,22.0,107.0,5.0,3.0,5.0,4.0,3.0,19.0,15.0
,,,,,,,,,,,,,,2020-01-13,19.0,6.0,179.0,7.0,15.0,126.0,5.0,2.0,17.0,5.0,7.0,15.0,12.0
,,,,,,,,,,,,,,2020-01-14,14.0,11.0,250.0,17.0,21.0,201.0,10.0,6.0,12.0,8.0,9.0,17.0,20.0
,,,,,,,,,,,,,,2020-01-15,18.0,7.0,338.0,12.0,20.0,176.0,8.0,16.0,22.0,13.0,13.0,21.0,29.0
,,,,,,,,,,,,,,2020-01-16,20.0,18.0,290.0,16.0,19.0,193.0,3.0,8.0,11.0,9.0,8.0,11.0,27.0
,,,,,,,,,,,,,,2020-01-17,18.0,18.0,277.0,17.0,13.0,170.0,6.0,13.0,0.0,7.0,10.0,18.0,17.0
,,,,,,,,,,,,,,2020-01-18,23.0,12.0,285.0,14.0,17.0,157.0,7.0,7.0,13.0,6.0,15.0,17.0,27.0
,,,,,,,,,,,,,,2020-01-19,12.0,12.0,205.0,19.0,11.0,139.0,3.0,1.0,11.0,6.0,9.0,17.0,10.0
,,,,,,,,,,,,,,2020-01-20,15.0,8.0,304.0,19.0,10.0,112.0,2.0,11.0,7.0,3.0,8.0,21.0,11.0
,,,,,,,,,,,,,,2020-01-21,21.0,10.0,216.0,12.0,21.0,174.0,4.0,14.0,3.0,2.0,8.0,15.0,25.0
,,,,,,,,,,,,,,2020-01-22,24.0,10.0,256.0,16.0,18.0,159.0,8.0,10.0,13.0,3.0,10.0,24.0,25.0
,,,,,,,,,,,,,,2020-01-23,15.0,11.0,246.0,20.0,15.0,163.0,6.0,12.0,8.0,6.0,10.0,22.0,16.0
,,,,,,,,,,,,,,2020-01-24,22.0,13.0,287.0,16.0,21.0,145.0,7.0,9.0,4.0,9.0,8.0,19.0,29.0
,,,,,,,,,,,,,,2020-01-25,24.0,15.0,277.0,10.0,13.0,146.0,5.0,8.0,4.0,5.0,8.0,17.0,38.0
,,,,,,,,,,,,,,2020-01-26,21.0,7.0,236.0,15.0,12.0,112.0,8.0,8.0,18.0,4.0,3.0,11.0,22.0
,,,,,,,,,,,,,,2020-01-27,11.0,8.0,245.0,9.0,16.0,101.0,1.0,4.0,4.0,2.0,2.0,12.0,14.0
,,,,,,,,,,,,,,2020-01-28,26.0,7.0,302.0,8.0,10.0,170.0,6.0,11.0,18.0,6.0,8.0,7.0,20.0
,,,,,,,,,,,,,,2020-01-29,23.0,12.0,277.0,14.0,24.0,177.0,6.0,9.0,12.0,4.0,6.0,14.0,26.0
,,,,,,,,,,,,,,2020-01-30,28.0,20.0,282.0,30.0,35.0,171.0,7.0,15.0,10.0,17.0,4.0,18.0,21.0
,,,,,,,,,,,,,,2020-01-31,22.0,17.0,269.0,13.0,15.0,165.0,7.0,20.0,14.0,4.0,7.0,17.0,25.0
,,,,,,,,,,,,,,2020-02-01,27.0,8.0,259.0,19.0,14.0,212.0,8.0,10.0,23.0,8.0,7.0,14.0,27.0
,,,,,,,,,,,,,,2020-02-02,20.0,4.0,188.0,14.0,11.0,191.0,8.0,6.0,5.0,3.0,2.0,10.0,13.0
,,,,,,,,,,,,,,2020-02-03,22.0,9.0,223.0,18.0,8.0,196.0,8.0,11.0,6.0,1.0,1.0,23.0,13.0
,,,,,,,,,,,,,,2020-02-04,24.0,7.0,254.0,14.0,25.0,293.0,9.0,32.0,5.0,6.0,12.0,9.0,24.0
,,,,,,,,,,,,,,2020-02-05,11.0,14.0,215.0,13.0,17.0,231.0,7.0,14.0,8.0,7.0,6.0,16.0,40.0
,,,,,,,,,,,,,,2020-02-06,21.0,17.0,294.0,12.0,24.0,176.0,6.0,18.0,15.0,7.0,8.0,23.0,33.0
,,,,,,,,,,,,,,2020-02-07,29.0,13.0,296.0,20.0,16.0,181.0,9.0,18.0,10.0,4.0,15.0,18.0,37.0
,,,,,,,,,,,,,,2020-02-08,25.0,25.0,270.0,20.0,11.0,233.0,9.0,7.0,10.0,9.0,10.0,17.0,37.0
,,,,,,,,,,,,,,2020-02-09,19.0,14.0,226.0,31.0,15.0,168.0,7.0,14.0,4.0,6.0,8.0,25.0,24.0
,,,,,,,,,,,,,,2020-02-10,15.0,6.0,316.0,31.0,14.0,175.0,13.0,10.0,10.0,5.0,5.0,15.0,28.0
,,,,,,,,,,,,,,2020-02-11,33.0,12.0,274.0,26.0,24.0,191.0,20.0,8.0,4.0,6.0,10.0,23.0,21.0
,,,,,,,,,,,,,,2020-02-12,26.0,24.0,299.0,12.0,22.0,199.0,10.0,14.0,19.0,8.0,6.0,23.0,26.0
,,,,,,,,,,,,,,2020-02-13,28.0,16.0,307.0,16.0,27.0,213.0,11.0,12.0,8.0,11.0,11.0,13.0,36.0
,,,,,,,,,,,,,,2020-02-14,24.0,29.0,284.0,13.0,18.0,219.0,6.0,20.0,8.0,16.0,8.0,28.0,53.0
,,,,,,,,,,,,,,2020-02-15,19.0,25.0,291.0,18.0,17.0,178.0,4.0,27.0,5.0,5.0,5.0,26.0,29.0
,,,,,,,,,,,,,,2020-02-16,23.0,24.0,247.0,18.0,13.0,155.0,5.0,24.0,3.0,10.0,17.0,22.0,24.0
,,,,,,,,,,,,,,2020-02-17,23.0,18.0,294.0,14.0,17.0,131.0,4.0,18.0,11.0,7.0,8.0,15.0,23.0
,,,,,,,,,,,,,,2020-02-18,22.0,20.0,334.0,21.0,20.0,212.0,9.0,25.0,14.0,10.0,13.0,22.0,33.0
,,,,,,,,,,,,,,2020-02-19,20.0,30.0,316.0,15.0,13.0,212.0,7.0,18.0,17.0,13.0,11.0,26.0,21.0
,,,,,,,,,,,,,,2020-02-20,28.0,27.0,298.0,19.0,14.0,180.0,8.0,20.0,12.0,7.0,13.0,18.0,34.0
,,,,,,,,,,,,,,2020-02-21,34.0,21.0,297.0,20.0,16.0,178.0,4.0,20.0,11.0,11.0,15.0,16.0,32.0
,,,,,,,,,,,,,,2020-02-22,25.0,17.0,247.0,9.0,20.0,198.0,5.0,17.0,5.0,7.0,11.0,14.0,32.0
,,,,,,,,,,,,,,2020-02-23,16.0,14.0,203.0,12.0,12.0,141.0,5.0,25.0,12.0,2.0,10.0,13.0,11.0
,,,,,,,,,,,,,,2020-02-24,16.0,6.0,215.0,17.0,15.0,112.0,4.0,14.0,10.0,3.0,3.0,16.0,21.0
,,,,,,,,,,,,,,2020-02-25,19.0,13.0,252.0,15.0,26.0,172.0,7.0,13.0,11.0,13.0,9.0,20.0,23.0
,,,,,,,,,,,,,,2020-02-26,29.0,9.0,277.0,14.0,16.0,179.0,5.0,12.0,10.0,10.0,9.0,15.0,16.0
,,,,,,,,,,,,,,2020-02-27,14.0,16.0,325.0,9.0,9.0,169.0,9.0,10.0,5.0,10.0,10.0,17.0,36.0
,,,,,,,,,,,,,,2020-02-28,13.0,10.0,297.0,13.0,15.0,161.0,21.0,14.0,12.0,11.0,8.0,21.0,16.0
,,,,,,,,,,,,,,2020-02-29,21.0,13.0,293.0,11.0,17.0,147.0,4.0,9.0,13.0,9.0,8.0,17.0,19.0
,,,,,,,,,,,,,,2020-03-01,11.0,6.0,221.0,12.0,14.0,105.0,11.0,14.0,22.0,11.0,15.0,22.0,12.0
,,,,,,,,,,,,,,2020-03-02,12.0,9.0,206.0,11.0,8.0,94.0,3.0,10.0,12.0,2.0,6.0,14.0,12.0
,,,,,,,,,,,,,,2020-03-03,22.0,18.0,259.0,14.0,20.0,171.0,8.0,9.0,11.0,7.0,7.0,20.0,23.0
,,,,,,,,,,,,,,2020-03-04,29.0,10.0,272.0,12.0,14.0,211.0,7.0,3.0,9.0,6.0,6.0,23.0,25.0
,,,,,,,,,,,,,,2020-03-05,11.0,24.0,288.0,15.0,18.0,188.0,8.0,9.0,15.0,7.0,5.0,18.0,21.0
,,,,,,,,,,,,,,2020-03-06,19.0,13.0,293.0,21.0,17.0,192.0,9.0,16.0,6.0,5.0,10.0,20.0,18.0
,,,,,,,,,,,,,,2020-03-07,20.0,19.0,219.0,19.0,9.0,190.0,4.0,10.0,25.0,3.0,5.0,13.0,26.0
,,,,,,,,,,,,,,2020-03-08,20.0,6.0,203.0,14.0,5.0,126.0,8.0,11.0,3.0,2.0,6.0,16.0,11.0
,,,,,,,,,,,,,,2020-03-09,18.0,14.0,215.0,12.0,7.0,128.0,8.0,10.0,19.0,2.0,6.0,14.0,12.0
,,,,,,,,,,,,,,2020-03-10,18.0,16.0,279.0,19.0,16.0,164.0,7.0,9.0,6.0,11.0,5.0,15.0,15.0
,,,,,,,,,,,,,,2020-03-11,18.0,20.0,267.0,15.0,18.0,179.0,8.0,22.0,15.0,4.0,5.0,13.0,19.0
,,,,,,,,,,,,,,2020-03-12,19.0,9.0,259.0,16.0,18.0,193.0,9.0,15.0,10.0,6.0,6.0,14.0,10.0
,,,,,,,,,,,,,,2020-03-13,23.0,18.0,606.0,13.0,19.0,190.0,8.0,11.0,14.0,3.0,4.0,11.0,19.0
,,,,,,,,,,,,,,2020-03-14,14.0,13.0,755.0,18.0,10.0,177.0,14.0,14.0,3.0,4.0,9.0,14.0,17.0
,,,,,,,,,,,,,,2020-03-15,15.0,8.0,299.0,16.0,8.0,127.0,5.0,6.0,7.0,2.0,5.0,17.0,7.0
,,,,,,,,,,,,,,2020-03-16,28.0,10.0,298.0,11.0,6.0,116.0,4.0,10.0,8.0,7.0,3.0,13.0,6.0
,,,,,,,,,,,,,,2020-03-17,17.0,11.0,425.0,10.0,11.0,167.0,5.0,10.0,18.0,8.0,4.0,25.0,10.0
,,,,,,,,,,,,,,2020-03-18,22.0,12.0,342.0,16.0,11.0,178.0,7.0,5.0,5.0,6.0,12.0,12.0,13.0
,,,,,,,,,,,,,,2020-03-19,21.0,10.0,317.0,14.0,14.0,169.0,10.0,6.0,10.0,4.0,9.0,19.0,8.0
,,,,,,,,,,,,,,2020-03-20,17.0,13.0,390.0,22.0,16.0,203.0,10.0,7.0,11.0,12.0,3.0,22.0,27.0
,,,,,,,,,,,,,,2020-03-21,23.0,19.0,315.0,21.0,16.0,147.0,5.0,5.0,15.0,13.0,7.0,21.0,10.0
,,,,,,,,,,,,,,2020-03-22,12.0,9.0,261.0,21.0,10.0,107.0,7.0,8.0,9.0,6.0,3.0,10.0,12.0
,,,,,,,,,,,,,,2020-03-23,12.0,14.0,241.0,22.0,9.0,106.0,5.0,8.0,13.0,1.0,5.0,16.0,12.0
,,,,,,,,,,,,,,2020-03-24,21.0,8.0,284.0,17.0,14.0,161.0,11.0,3.0,4.0,6.0,8.0,11.0,20.0
,,,,,,,,,,,,,,2020-03-25,20.0,26.0,341.0,17.0,11.0,168.0,12.0,4.0,14.0,4.0,10.0,11.0,35.0
,,,,,,,,,,,,,,2020-03-26,24.0,15.0,327.0,19.0,19.0,173.0,12.0,6.0,14.0,4.0,10.0,23.0,22.0
,,,,,,,,,,,,,,2020-03-27,21.0,15.0,272.0,25.0,19.0,152.0,14.0,9.0,16.0,1.0,6.0,19.0,25.0
,,,,,,,,,,,,,,2020-03-28,21.0,16.0,256.0,26.0,14.0,149.0,12.0,6.0,12.0,8.0,5.0,12.0,23.0
,,,,,,,,,,,,,,2020-03-29,10.0,12.0,245.0,18.0,7.0,117.0,5.0,3.0,8.0,5.0,5.0,13.0,22.0
,,,,,,,,,,,,,,2020-03-30,12.0,6.0,197.0,9.0,4.0,98.0,4.0,6.0,15.0,4.0,7.0,10.0,19.0
,,,,,,,,,,,,,,2020-03-31,22.0,11.0,276.0,36.0,15.0,158.0,8.0,9.0,11.0,9.0,12.0,11.0,18.0
,,,,,,,,,,,,,,2020-04-01,26.0,28.0,287.0,27.0,14.0,187.0,12.0,6.0,15.0,11.0,9.0,16.0,24.0
,,,,,,,,,,,,,,2020-04-02,29.0,19.0,297.0,25.0,15.0,168.0,4.0,2.0,10.0,6.0,5.0,24.0,26.0
,,,,,,,,,,,,,,2020-04-03,23.0,24.0,263.0,19.0,9.0,179.0,8.0,8.0,10.0,7.0,7.0,20.0,13.0
,,,,,,,,,,,,,,2020-04-04,19.0,21.0,253.0,18.0,12.0,153.0,8.0,16.0,12.0,5.0,7.0,26.0,26.0
,,,,,,,,,,,,,,2020-04-05,14.0,11.0,217.0,17.0,4.0,133.0,6.0,6.0,7.0,3.0,6.0,25.0,18.0
,,,,,,,,,,,,,,2020-04-06,16.0,11.0,209.0,17.0,11.0,117.0,3.0,8.0,5.0,7.0,2.0,12.0,13.0
,,,,,,,,,,,,,,2020-04-07,19.0,9.0,272.0,18.0,13.0,163.0,10.0,10.0,10.0,3.0,8.0,10.0,12.0
,,,,,,,,,,,,,,2020-04-08,13.0,13.0,265.0,20.0,23.0,155.0,12.0,6.0,21.0,16.0,8.0,17.0,19.0
,,,,,,,,,,,,,,2020-04-09,27.0,13.0,248.0,21.0,16.0,178.0,6.0,5.0,8.0,11.0,9.0,20.0,21.0
,,,,,,,,,,,,,,2020-04-10,26.0,11.0,317.0,17.0,15.0,161.0,4.0,6.0,7.0,12.0,15.0,19.0,23.0
,,,,,,,,,,,,,,2020-04-11,13.0,19.0,295.0,23.0,17.0,128.0,5.0,9.0,4.0,11.0,7.0,21.0,29.0
,,,,,,,,,,,,,,2020-04-12,13.0,16.0,245.0,24.0,12.0,107.0,2.0,12.0,4.0,8.0,7.0,21.0,16.0
,,,,,,,,,,,,,,2020-04-13,16.0,15.0,206.0,21.0,7.0,100.0,2.0,8.0,2.0,2.0,11.0,14.0,11.0
,,,,,,,,,,,,,,2020-04-14,14.0,15.0,281.0,11.0,22.0,149.0,3.0,9.0,5.0,6.0,11.0,16.0,22.0
,,,,,,,,,,,,,,2020-04-15,13.0,27.0,332.0,16.0,12.0,189.0,9.0,5.0,7.0,4.0,16.0,22.0,19.0
,,,,,,,,,,,,,,2020-04-16,18.0,26.0,294.0,15.0,11.0,173.0,7.0,6.0,9.0,12.0,6.0,26.0,32.0
,,,,,,,,,,,,,,2020-04-17,20.0,23.0,316.0,28.0,15.0,190.0,6.0,18.0,9.0,8.0,12.0,31.0,29.0
,,,,,,,,,,,,,,2020-04-18,26.0,23.0,308.0,13.0,10.0,189.0,3.0,8.0,6.0,5.0,7.0,12.0,17.0
,,,,,,,,,,,,,,2020-04-19,18.0,10.0,273.0,24.0,12.0,153.0,5.0,3.0,3.0,3.0,7.0,27.0,15.0
,,,,,,,,,,,,,,2020-04-20,17.0,9.0,277.0,19.0,9.0,143.0,2.0,10.0,4.0,7.0,7.0,28.0,22.0
,,,,,,,,,,,,,,2020-04-21,16.0,10.0,331.0,17.0,10.0,172.0,7.0,10.0,4.0,8.0,14.0,14.0,11.0
,,,,,,,,,,,,,,2020-04-22,17.0,13.0,293.0,20.0,21.0,196.0,6.0,14.0,9.0,5.0,6.0,16.0,37.0
,,,,,,,,,,,,,,2020-04-23,19.0,11.0,303.0,15.0,10.0,188.0,5.0,4.0,13.0,5.0,5.0,11.0,30.0
,,,,,,,,,,,,,,2020-04-24,23.0,13.0,346.0,20.0,16.0,158.0,4.0,8.0,7.0,11.0,5.0,18.0,20.0
,,,,,,,,,,,,,,2020-04-25,37.0,16.0,297.0,15.0,14.0,170.0,7.0,5.0,4.0,8.0,6.0,16.0,17.0
,,,,,,,,,,,,,,2020-04-26,10.0,10.0,258.0,18.0,15.0,133.0,1.0,3.0,7.0,8.0,8.0,20.0,22.0
,,,,,,,,,,,,,,2020-04-27,22.0,24.0,250.0,25.0,9.0,114.0,6.0,8.0,16.0,4.0,7.0,20.0,14.0
,,,,,,,,,,,,,,2020-04-28,28.0,21.0,292.0,25.0,12.0,164.0,5.0,7.0,6.0,7.0,11.0,12.0,25.0
,,,,,,,,,,,,,,2020-04-29,21.0,17.0,324.0,23.0,15.0,198.0,13.0,5.0,11.0,8.0,12.0,23.0,29.0
,,,,,,,,,,,,,,2020-04-30,24.0,27.0,405.0,27.0,19.0,170.0,6.0,7.0,5.0,8.0,12.0,20.0,28.0
,,,,,,,,,,,,,,2020-05-01,29.0,29.0,453.0,26.0,13.0,179.0,4.0,15.0,3.0,6.0,13.0,14.0,27.0
,,,,,,,,,,,,,,2020-05-02,18.0,14.0,339.0,27.0,20.0,146.0,6.0,7.0,5.0,6.0,6.0,14.0,25.0
,,,,,,,,,,,,,,2020-05-03,21.0,32.0,359.0,21.0,8.0,127.0,3.0,7.0,1.0,4.0,10.0,17.0,28.0
,,,,,,,,,,,,,,2020-05-04,28.0,17.0,323.0,26.0,11.0,103.0,14.0,10.0,4.0,3.0,6.0,22.0,20.0
,,,,,,,,,,,,,,2020-05-05,17.0,14.0,348.0,18.0,15.0,162.0,8.0,14.0,4.0,7.0,5.0,20.0,22.0
,,,,,,,,,,,,,,2020-05-06,20.0,17.0,360.0,19.0,15.0,133.0,6.0,10.0,4.0,12.0,9.0,19.0,58.0
,,,,,,,,,,,,,,2020-05-07,24.0,15.0,372.0,19.0,8.0,147.0,4.0,11.0,5.0,12.0,15.0,21.0,28.0
,,,,,,,,,,,,,,2020-05-08,29.0,19.0,482.0,29.0,16.0,180.0,9.0,12.0,2.0,11.0,17.0,17.0,35.0
,,,,,,,,,,,,,,2020-05-09,30.0,19.0,529.0,20.0,16.0,174.0,7.0,12.0,6.0,15.0,10.0,10.0,17.0
,,,,,,,,,,,,,,2020-05-10,16.0,13.0,342.0,18.0,14.0,131.0,3.0,10.0,3.0,7.0,8.0,21.0,17.0
,,,,,,,,,,,,,,2020-05-11,14.0,12.0,500.0,28.0,13.0,129.0,5.0,9.0,6.0,1.0,7.0,10.0,24.0
,,,,,,,,,,,,,,2020-05-12,28.0,15.0,743.0,18.0,14.0,164.0,11.0,8.0,5.0,6.0,12.0,20.0,26.0
,,,,,,,,,,,,,,2020-05-13,16.0,31.0,501.0,19.0,11.0,157.0,6.0,5.0,9.0,10.0,9.0,29.0,27.0
,,,,,,,,,,,,,,2020-05-14,27.0,11.0,435.0,21.0,9.0,158.0,8.0,14.0,3.0,9.0,7.0,23.0,41.0
,,,,,,,,,,,,,,2020-05-15,25.0,20.0,403.0,25.0,15.0,191.0,7.0,9.0,4.0,4.0,6.0,16.0,28.0
,,,,,,,,,,,,,,2020-05-16,16.0,30.0,437.0,35.0,18.0,173.0,9.0,17.0,4.0,8.0,9.0,36.0,28.0
,,,,,,,,,,,,,,2020-05-17,29.0,12.0,379.0,18.0,12.0,119.0,7.0,7.0,3.0,13.0,8.0,23.0,21.0
,,,,,,,,,,,,,,2020-05-18,11.0,18.0,288.0,22.0,17.0,132.0,4.0,5.0,6.0,8.0,2.0,29.0,28.0
,,,,,,,,,,,,,,2020-05-19,16.0,6.0,393.0,20.0,16.0,194.0,9.0,5.0,4.0,11.0,9.0,18.0,21.0
,,,,,,,,,,,,,,2020-05-20,16.0,16.0,368.0,27.0,8.0,160.0,11.0,13.0,4.0,7.0,16.0,17.0,37.0
,,,,,,,,,,,,,,2020-05-21,19.0,16.0,376.0,23.0,25.0,198.0,14.0,12.0,10.0,15.0,17.0,27.0,30.0
,,,,,,,,,,,,,,2020-05-22,25.0,16.0,377.0,22.0,18.0,207.0,10.0,5.0,5.0,6.0,5.0,18.0,35.0
,,,,,,,,,,,,,,2020-05-23,27.0,23.0,456.0,22.0,22.0,203.0,9.0,8.0,2.0,10.0,10.0,21.0,12.0
,,,,,,,,,,,,,,2020-05-24,12.0,12.0,326.0,14.0,6.0,122.0,4.0,3.0,0.0,8.0,4.0,27.0,24.0
,,,,,,,,,,,,,,2020-05-25,19.0,22.0,298.0,18.0,8.0,129.0,12.0,7.0,8.0,10.0,7.0,24.0,24.0
,,,,,,,,,,,,,,2020-05-26,22.0,19.0,372.0,17.0,16.0,183.0,9.0,12.0,9.0,15.0,5.0,24.0,24.0
,,,,,,,,,,,,,,2020-05-27,20.0,18.0,373.0,22.0,12.0,192.0,9.0,16.0,3.0,5.0,6.0,28.0,25.0
,,,,,,,,,,,,,,2020-05-28,20.0,12.0,312.0,28.0,14.0,177.0,1.0,4.0,5.0,6.0,8.0,15.0,34.0
,,,,,,,,,,,,,,2020-05-29,34.0,14.0,385.0,16.0,19.0,209.0,6.0,12.0,6.0,10.0,13.0,14.0,27.0
,,,,,,,,,,,,,,2020-05-30,59.0,19.0,310.0,32.0,32.0,168.0,11.0,9.0,6.0,11.0,6.0,25.0,19.0
,,,,,,,,,,,,,,2020-05-31,27.0,11.0,235.0,14.0,8.0,130.0,4.0,4.0,0.0,10.0,5.0,21.0,33.0
,,,,,,,,,,,,,,2020-06-01,44.0,29.0,227.0,21.0,11.0,153.0,8.0,9.0,4.0,10.0,8.0,20.0,18.0
,,,,,,,,,,,,,,2020-06-02,30.0,19.0,287.0,14.0,10.0,190.0,7.0,9.0,16.0,13.0,13.0,18.0,14.0
,,,,,,,,,,,,,,2020-06-03,22.0,15.0,457.0,18.0,19.0,172.0,8.0,5.0,16.0,12.0,15.0,10.0,28.0
,,,,,,,,,,,,,,2020-06-04,42.0,12.0,373.0,15.0,19.0,183.0,12.0,3.0,6.0,11.0,8.0,14.0,26.0
,,,,,,,,,,,,,,2020-06-05,39.0,10.0,327.0,20.0,5.0,244.0,10.0,8.0,2.0,10.0,8.0,12.0,27.0
,,,,,,,,,,,,,,2020-06-06,37.0,9.0,350.0,21.0,18.0,215.0,7.0,22.0,10.0,11.0,8.0,18.0,14.0
,,,,,,,,,,,,,,2020-06-07,35.0,14.0,277.0,21.0,13.0,166.0,3.0,8.0,3.0,8.0,7.0,21.0,23.0
,,,,,,,,,,,,,,2020-06-08,27.0,13.0,283.0,20.0,17.0,130.0,3.0,4.0,1.0,7.0,5.0,16.0,11.0
,,,,,,,,,,,,,,2020-06-09,45.0,16.0,306.0,26.0,19.0,173.0,7.0,7.0,4.0,11.0,13.0,22.0,23.0
,,,,,,,,,,,,,,2020-06-10,37.0,21.0,349.0,17.0,17.0,183.0,9.0,7.0,4.0,10.0,7.0,17.0,18.0
,,,,,,,,,,,,,,2020-06-11,29.0,17.0,362.0,25.0,13.0,189.0,1.0,7.0,7.0,13.0,9.0,16.0,37.0
,,,,,,,,,,,,,,2020-06-12,40.0,20.0,359.0,43.0,18.0,196.0,14.0,5.0,2.0,19.0,6.0,18.0,21.0
,,,,,,,,,,,,,,2020-06-13,33.0,14.0,338.0,15.0,24.0,170.0,6.0,11.0,8.0,12.0,6.0,19.0,33.0
,,,,,,,,,,,,,,2020-06-14,30.0,12.0,263.0,22.0,11.0,123.0,3.0,11.0,6.0,10.0,6.0,16.0,21.0
,,,,,,,,,,,,,,2020-06-15,24.0,19.0,264.0,12.0,21.0,113.0,8.0,6.0,14.0,2.0,7.0,20.0,12.0
,,,,,,,,,,,,,,2020-06-16,23.0,6.0,362.0,22.0,24.0,198.0,14.0,2.0,10.0,9.0,5.0,19.0,38.0
,,,,,,,,,,,,,,2020-06-17,27.0,14.0,319.0,25.0,18.0,214.0,4.0,7.0,14.0,11.0,4.0,15.0,22.0
,,,,,,,,,,,,,,2020-06-18,27.0,12.0,350.0,18.0,19.0,229.0,9.0,3.0,11.0,11.0,11.0,15.0,33.0
,,,,,,,,,,,,,,2020-06-19,38.0,18.0,330.0,17.0,20.0,223.0,3.0,4.0,16.0,12.0,11.0,23.0,40.0
,,,,,,,,,,,,,,2020-06-20,41.0,18.0,333.0,21.0,18.0,204.0,5.0,6.0,11.0,12.0,10.0,12.0,22.0
,,,,,,,,,,,,,,2020-06-21,25.0,6.0,226.0,22.0,11.0,171.0,5.0,6.0,15.0,2.0,5.0,14.0,11.0
,,,,,,,,,,,,,,2020-06-22,26.0,10.0,211.0,10.0,12.0,129.0,6.0,5.0,7.0,6.0,5.0,19.0,23.0
,,,,,,,,,,,,,,2020-06-23,34.0,24.0,301.0,20.0,19.0,216.0,8.0,8.0,12.0,10.0,11.0,17.0,24.0
,,,,,,,,,,,,,,2020-06-24,28.0,13.0,311.0,28.0,23.0,202.0,5.0,7.0,12.0,8.0,3.0,24.0,31.0
,,,,,,,,,,,,,,2020-06-25,35.0,18.0,342.0,25.0,13.0,228.0,5.0,4.0,5.0,10.0,11.0,17.0,19.0
,,,,,,,,,,,,,,2020-06-26,29.0,18.0,305.0,18.0,17.0,195.0,6.0,0.0,12.0,14.0,8.0,15.0,16.0
,,,,,,,,,,,,,,2020-06-27,38.0,14.0,258.0,12.0,11.0,193.0,9.0,5.0,4.0,8.0,3.0,18.0,26.0
,,,,,,,,,,,,,,2020-06-28,31.0,6.0,238.0,10.0,14.0,134.0,5.0,4.0,5.0,14.0,5.0,19.0,18.0
,,,,,,,,,,,,,,2020-06-29,30.0,9.0,237.0,9.0,13.0,145.0,4.0,5.0,5.0,9.0,5.0,18.0,12.0
,,,,,,,,,,,,,,2020-06-30,34.0,10.0,300.0,24.0,23.0,226.0,3.0,4.0,13.0,8.0,5.0,12.0,19.0
,,,,,,,,,,,,,,2020-07-01,35.0,16.0,273.0,17.0,15.0,226.0,8.0,12.0,6.0,12.0,12.0,13.0,19.0
,,,,,,,,,,,,,,2020-07-02,53.0,18.0,292.0,22.0,7.0,194.0,5.0,11.0,5.0,7.0,9.0,13.0,15.0
,,,,,,,,,,,,,,2020-07-03,66.0,21.0,296.0,17.0,14.0,147.0,7.0,11.0,11.0,14.0,9.0,12.0,28.0
,,,,,,,,,,,,,,2020-07-04,57.0,19.0,257.0,23.0,21.0,144.0,9.0,4.0,5.0,14.0,7.0,17.0,12.0
,,,,,,,,,,,,,,2020-07-05,35.0,9.0,210.0,17.0,17.0,108.0,9.0,1.0,8.0,12.0,4.0,13.0,20.0
,,,,,,,,,,,,,,2020-07-06,24.0,8.0,231.0,19.0,18.0,83.0,5.0,6.0,5.0,28.0,5.0,17.0,8.0
,,,,,,,,,,,,,,2020-07-07,23.0,14.0,314.0,32.0,23.0,169.0,5.0,9.0,8.0,22.0,6.0,22.0,22.0
,,,,,,,,,,,,,,2020-07-08,52.0,19.0,337.0,94.0,16.0,179.0,7.0,7.0,10.0,26.0,2.0,18.0,14.0
,,,,,,,,,,,,,,2020-07-09,50.0,22.0,315.0,740.0,12.0,166.0,10.0,6.0,7.0,43.0,10.0,21.0,13.0
,,,,,,,,,,,,,,2020-07-10,39.0,32.0,297.0,511.0,17.0,170.0,12.0,9.0,7.0,25.0,17.0,27.0,34.0
,,,,,,,,,,,,,,2020-07-11,32.0,25.0,250.0,296.0,18.0,153.0,5.0,10.0,12.0,32.0,9.0,13.0,25.0
,,,,,,,,,,,,,,2020-07-12,23.0,22.0,216.0,137.0,11.0,75.0,1.0,3.0,3.0,17.0,8.0,16.0,20.0
,,,,,,,,,,,,,,2020-07-13,28.0,30.0,174.0,115.0,15.0,92.0,9.0,4.0,5.0,11.0,6.0,30.0,12.0
,,,,,,,,,,,,,,2020-07-14,54.0,29.0,234.0,69.0,17.0,142.0,5.0,8.0,9.0,23.0,10.0,25.0,18.0
,,,,,,,,,,,,,,2020-07-15,37.0,33.0,317.0,63.0,9.0,164.0,8.0,8.0,6.0,18.0,8.0,15.0,19.0
,,,,,,,,,,,,,,2020-07-16,33.0,21.0,385.0,61.0,11.0,163.0,5.0,6.0,12.0,16.0,13.0,20.0,23.0
,,,,,,,,,,,,,,2020-07-17,22.0,26.0,346.0,42.0,14.0,154.0,2.0,4.0,3.0,20.0,12.0,12.0,24.0
,,,,,,,,,,,,,,2020-07-18,29.0,19.0,275.0,31.0,14.0,118.0,5.0,3.0,5.0,17.0,8.0,19.0,10.0
,,,,,,,,,,,,,,2020-07-19,22.0,17.0,198.0,93.0,8.0,68.0,7.0,1.0,9.0,8.0,6.0,14.0,14.0
,,,,,,,,,,,,,,2020-07-20,29.0,23.0,211.0,90.0,10.0,71.0,6.0,2.0,2.0,10.0,6.0,24.0,19.0
,,,,,,,,,,,,,,2020-07-21,24.0,34.0,292.0,44.0,19.0,157.0,13.0,8.0,7.0,18.0,13.0,26.0,18.0
,,,,,,,,,,,,,,2020-07-22,28.0,27.0,290.0,24.0,11.0,146.0,12.0,9.0,15.0,14.0,14.0,20.0,12.0
,,,,,,,,,,,,,,2020-07-23,30.0,25.0,300.0,38.0,14.0,135.0,6.0,7.0,5.0,14.0,13.0,15.0,25.0
,,,,,,,,,,,,,,2020-07-24,35.0,41.0,260.0,24.0,13.0,160.0,3.0,11.0,17.0,14.0,8.0,27.0,15.0
,,,,,,,,,,,,,,2020-07-25,20.0,19.0,308.0,25.0,12.0,114.0,6.0,4.0,9.0,8.0,7.0,20.0,15.0
,,,,,,,,,,,,,,2020-07-26,38.0,61.0,259.0,29.0,11.0,122.0,5.0,5.0,4.0,11.0,6.0,20.0,10.0
,,,,,,,,,,,,,,2020-07-27,54.0,35.0,297.0,28.0,14.0,127.0,7.0,12.0,5.0,8.0,7.0,11.0,12.0
,,,,,,,,,,,,,,2020-07-28,37.0,38.0,473.0,20.0,16.0,180.0,11.0,2.0,13.0,10.0,6.0,20.0,24.0
,,,,,,,,,,,,,,2020-07-29,46.0,21.0,413.0,37.0,22.0,157.0,10.0,14.0,13.0,12.0,12.0,19.0,25.0
,,,,,,,,,,,,,,2020-07-30,89.0,27.0,376.0,23.0,18.0,157.0,2.0,7.0,7.0,6.0,11.0,23.0,28.0
,,,,,,,,,,,,,,2020-07-31,126.0,29.0,333.0,22.0,28.0,184.0,6.0,5.0,11.0,5.0,12.0,20.0,18.0
,,,,,,,,,,,,,,2020-08-01,112.0,25.0,353.0,23.0,10.0,210.0,13.0,12.0,5.0,10.0,8.0,23.0,28.0
,,,,,,,,,,,,,,2020-08-02,80.0,15.0,320.0,36.0,13.0,153.0,4.0,3.0,7.0,11.0,4.0,13.0,30.0
,,,,,,,,,,,,,,2020-08-03,66.0,34.0,412.0,19.0,4.0,146.0,6.0,6.0,8.0,9.0,3.0,19.0,41.0
,,,,,,,,,,,,,,2020-08-04,78.0,31.0,308.0,19.0,19.0,171.0,8.0,4.0,6.0,12.0,7.0,15.0,36.0
,,,,,,,,,,,,,,2020-08-05,79.0,32.0,347.0,25.0,21.0,161.0,11.0,3.0,8.0,13.0,4.0,19.0,29.0
,,,,,,,,,,,,,,2020-08-06,50.0,33.0,361.0,36.0,13.0,167.0,14.0,7.0,5.0,17.0,12.0,20.0,24.0
,,,,,,,,,,,,,,2020-08-07,85.0,31.0,432.0,28.0,13.0,173.0,10.0,5.0,7.0,14.0,12.0,21.0,19.0
,,,,,,,,,,,,,,2020-08-08,64.0,29.0,356.0,24.0,11.0,157.0,9.0,3.0,16.0,20.0,12.0,23.0,16.0
,,,,,,,,,,,,,,2020-08-09,65.0,34.0,313.0,21.0,5.0,99.0,3.0,5.0,6.0,7.0,4.0,20.0,18.0
,,,,,,,,,,,,,,2020-08-10,53.0,36.0,284.0,16.0,7.0,102.0,5.0,5.0,11.0,15.0,4.0,15.0,16.0
,,,,,,,,,,,,,,2020-08-11,81.0,25.0,365.0,27.0,13.0,146.0,6.0,3.0,26.0,17.0,4.0,22.0,17.0
,,,,,,,,,,,,,,2020-08-12,56.0,27.0,338.0,35.0,10.0,229.0,16.0,16.0,11.0,16.0,5.0,17.0,28.0
,,,,,,,,,,,,,,2020-08-13,66.0,41.0,304.0,23.0,20.0,206.0,8.0,12.0,11.0,9.0,10.0,14.0,16.0
,,,,,,,,,,,,,,2020-08-14,63.0,26.0,326.0,21.0,17.0,256.0,10.0,7.0,15.0,17.0,8.0,22.0,23.0
,,,,,,,,,,,,,,2020-08-15,47.0,30.0,322.0,29.0,18.0,223.0,9.0,13.0,16.0,15.0,13.0,17.0,34.0
,,,,,,,,,,,,,,2020-08-16,54.0,35.0,286.0,15.0,22.0,138.0,7.0,9.0,8.0,6.0,9.0,14.0,14.0
,,,,,,,,,,,,,,2020-08-17,42.0,32.0,267.0,21.0,18.0,146.0,6.0,6.0,17.0,7.0,6.0,14.0,24.0
,,,,,,,,,,,,,,2020-08-18,50.0,25.0,329.0,19.0,17.0,209.0,10.0,6.0,7.0,17.0,8.0,14.0,20.0
,,,,,,,,,,,,,,2020-08-19,63.0,40.0,349.0,21.0,12.0,173.0,12.0,5.0,26.0,10.0,10.0,23.0,28.0
,,,,,,,,,,,,,,2020-08-20,45.0,47.0,280.0,21.0,14.0,204.0,11.0,15.0,14.0,8.0,8.0,13.0,42.0
,,,,,,,,,,,,,,2020-08-21,48.0,29.0,297.0,19.0,21.0,191.0,9.0,20.0,22.0,15.0,8.0,27.0,32.0
,,,,,,,,,,,,,,2020-08-22,37.0,28.0,284.0,18.0,13.0,181.0,8.0,6.0,12.0,21.0,3.0,22.0,21.0
,,,,,,,,,,,,,,2020-08-23,38.0,10.0,262.0,17.0,9.0,116.0,5.0,2.0,8.0,11.0,9.0,20.0,17.0
,,,,,,,,,,,,,,2020-08-24,47.0,22.0,240.0,25.0,8.0,105.0,2.0,6.0,8.0,13.0,4.0,12.0,23.0
,,,,,,,,,,,,,,2020-08-25,51.0,37.0,329.0,28.0,10.0,177.0,5.0,8.0,12.0,17.0,10.0,20.0,37.0
,,,,,,,,,,,,,,2020-08-26,35.0,38.0,287.0,23.0,14.0,213.0,11.0,9.0,7.0,9.0,3.0,24.0,39.0
,,,,,,,,,,,,,,2020-08-27,33.0,35.0,256.0,42.0,8.0,216.0,12.0,11.0,11.0,8.0,5.0,25.0,38.0
,,,,,,,,,,,,,,2020-08-28,44.0,28.0,358.0,19.0,15.0,165.0,6.0,8.0,14.0,10.0,4.0,25.0,30.0
,,,,,,,,,,,,,,2020-08-29,40.0,25.0,387.0,21.0,10.0,185.0,5.0,10.0,8.0,7.0,9.0,20.0,36.0
,,,,,,,,,,,,,,2020-08-30,45.0,32.0,228.0,22.0,9.0,107.0,8.0,6.0,12.0,2.0,7.0,24.0,22.0
,,,,,,,,,,,,,,2020-08-31,30.0,34.0,191.0,19.0,11.0,134.0,9.0,4.0,10.0,6.0,4.0,24.0,22.0
,,,,,,,,,,,,,,2020-09-01,45.0,32.0,253.0,25.0,16.0,193.0,2.0,8.0,5.0,13.0,8.0,36.0,31.0
,,,,,,,,,,,,,,2020-09-02,52.0,32.0,278.0,28.0,12.0,263.0,6.0,8.0,9.0,10.0,8.0,32.0,28.0
,,,,,,,,,,,,,,2020-09-03,49.0,25.0,318.0,22.0,9.0,222.0,19.0,5.0,7.0,5.0,4.0,32.0,22.0
,,,,,,,,,,,,,,2020-09-04,46.0,39.0,321.0,26.0,13.0,185.0,9.0,6.0,8.0,4.0,7.0,25.0,15.0
,,,,,,,,,,,,,,2020-09-05,33.0,33.0,358.0,22.0,19.0,162.0,16.0,2.0,13.0,6.0,7.0,19.0,11.0
,,,,,,,,,,,,,,2020-09-06,28.0,24.0,274.0,27.0,7.0,142.0,15.0,8.0,7.0,12.0,2.0,18.0,13.0
,,,,,,,,,,,,,,2020-09-07,34.0,37.0,241.0,14.0,14.0,137.0,8.0,7.0,2.0,6.0,5.0,17.0,10.0
,,,,,,,,,,,,,,2020-09-08,32.0,31.0,249.0,20.0,10.0,167.0,5.0,4.0,9.0,7.0,3.0,11.0,8.0
,,,,,,,,,,,,,,2020-09-09,37.0,33.0,266.0,18.0,10.0,188.0,21.0,10.0,10.0,6.0,4.0,23.0,13.0
,,,,,,,,,,,,,,2020-09-10,31.0,30.0,277.0,17.0,6.0,173.0,9.0,5.0,17.0,7.0,9.0,18.0,17.0
,,,,,,,,,,,,,,2020-09-11,19.0,31.0,268.0,31.0,7.0,206.0,14.0,8.0,16.0,12.0,7.0,32.0,17.0
,,,,,,,,,,,,,,2020-09-12,20.0,29.0,276.0,11.0,10.0,177.0,4.0,5.0,17.0,5.0,5.0,22.0,18.0
,,,,,,,,,,,,,,2020-09-13,24.0,26.0,236.0,18.0,8.0,144.0,8.0,7.0,26.0,13.0,6.0,24.0,11.0
,,,,,,,,,,,,,,2020-09-14,30.0,27.0,211.0,13.0,10.0,111.0,11.0,4.0,11.0,7.0,9.0,27.0,23.0
,,,,,,,,,,,,,,2020-09-15,14.0,37.0,272.0,19.0,9.0,171.0,5.0,6.0,16.0,7.0,8.0,27.0,15.0
,,,,,,,,,,,,,,2020-09-16,22.0,24.0,263.0,19.0,8.0,186.0,16.0,1.0,5.0,6.0,10.0,34.0,25.0
,,,,,,,,,,,,,,2020-09-17,37.0,36.0,272.0,15.0,11.0,179.0,11.0,6.0,19.0,15.0,13.0,21.0,30.0
,,,,,,,,,,,,,,2020-09-18,25.0,31.0,262.0,23.0,7.0,229.0,13.0,6.0,21.0,9.0,9.0,13.0,24.0
,,,,,,,,,,,,,,2020-09-19,24.0,24.0,159.0,14.0,4.0,139.0,5.0,8.0,15.0,12.0,7.0,14.0,5.0
,,,,,,,,,,,,,,2020-09-20,17.0,22.0,184.0,11.0,11.0,130.0,6.0,3.0,10.0,4.0,11.0,17.0,14.0
,,,,,,,,,,,,,,2020-09-21,27.0,14.0,172.0,16.0,8.0,116.0,4.0,4.0,12.0,7.0,7.0,17.0,19.0
,,,,,,,,,,,,,,2020-09-22,23.0,23.0,242.0,32.0,23.0,158.0,6.0,9.0,24.0,3.0,11.0,17.0,21.0
,,,,,,,,,,,,,,2020-09-23,13.0,11.0,105.0,4.0,2.0,81.0,1.0,3.0,16.0,3.0,6.0,19.0,10.0
,,,,,,,,,,,,,,2020-09-24,38.0,20.0,280.0,20.0,8.0,181.0,5.0,4.0,37.0,12.0,9.0,12.0,18.0
,,,,,,,,,,,,,,2020-09-25,31.0,20.0,207.0,20.0,13.0,156.0,9.0,5.0,19.0,10.0,5.0,17.0,18.0
,,,,,,,,,,,,,,2020-09-26,19.0,9.0,180.0,18.0,5.0,136.0,5.0,8.0,38.0,11.0,3.0,11.0,15.0
,,,,,,,,,,,,,,2020-09-27,24.0,21.0,219.0,18.0,7.0,136.0,7.0,6.0,75.0,7.0,8.0,23.0,25.0
,,,,,,,,,,,,,,2020-09-28,22.0,15.0,177.0,17.0,1.0,90.0,5.0,3.0,28.0,5.0,5.0,21.0,13.0
,,,,,,,,,,,,,,2020-09-29,40.0,21.0,219.0,14.0,12.0,173.0,12.0,11.0,44.0,7.0,5.0,25.0,29.0
,,,,,,,,,,,,,,2020-09-30,35.0,24.0,250.0,11.0,5.0,173.0,5.0,6.0,22.0,10.0,6.0,18.0,19.0
,,,,,,,,,,,,,,2020-10-01,46.0,33.0,234.0,13.0,11.0,178.0,12.0,10.0,19.0,7.0,9.0,29.0,26.0
,,,,,,,,,,,,,,2020-10-02,32.0,24.0,263.0,12.0,7.0,170.0,7.0,7.0,17.0,6.0,7.0,31.0,30.0
,,,,,,,,,,,,,,2020-10-03,30.0,16.0,232.0,15.0,8.0,158.0,5.0,4.0,15.0,2.0,5.0,21.0,23.0
,,,,,,,,,,,,,,2020-10-04,19.0,14.0,170.0,7.0,4.0,139.0,5.0,7.0,7.0,3.0,2.0,21.0,25.0
,,,,,,,,,,,,,,2020-10-05,16.0,10.0,175.0,4.0,3.0,112.0,4.0,6.0,9.0,5.0,4.0,13.0,13.0
,,,,,,,,,,,,,,2020-10-06,32.0,17.0,253.0,11.0,9.0,161.0,7.0,7.0,24.0,1.0,4.0,25.0,41.0
,,,,,,,,,,,,,,2020-10-07,26.0,12.0,264.0,10.0,14.0,176.0,7.0,5.0,30.0,6.0,8.0,27.0,29.0
,,,,,,,,,,,,,,2020-10-08,30.0,17.0,239.0,14.0,11.0,207.0,11.0,7.0,16.0,10.0,10.0,23.0,28.0
,,,,,,,,,,,,,,2020-10-09,20.0,19.0,257.0,10.0,13.0,188.0,6.0,7.0,23.0,2.0,4.0,26.0,20.0
,,,,,,,,,,,,,,2020-10-10,24.0,29.0,292.0,12.0,8.0,160.0,7.0,7.0,13.0,7.0,8.0,24.0,20.0
,,,,,,,,,,,,,,2020-10-11,15.0,8.0,190.0,20.0,11.0,115.0,5.0,3.0,13.0,5.0,4.0,30.0,18.0
,,,,,,,,,,,,,,2020-10-12,22.0,15.0,184.0,15.0,11.0,125.0,1.0,4.0,12.0,8.0,3.0,23.0,24.0
,,,,,,,,,,,,,,2020-10-13,18.0,41.0,256.0,18.0,16.0,193.0,7.0,4.0,16.0,8.0,6.0,33.0,24.0
,,,,,,,,,,,,,,2020-10-14,19.0,25.0,285.0,7.0,9.0,174.0,11.0,5.0,6.0,10.0,6.0,21.0,24.0
,,,,,,,,,,,,,,2020-10-15,32.0,24.0,278.0,6.0,7.0,164.0,10.0,3.0,20.0,9.0,9.0,26.0,30.0
,,,,,,,,,,,,,,2020-10-16,20.0,20.0,260.0,9.0,15.0,170.0,10.0,8.0,14.0,9.0,7.0,25.0,31.0
,,,,,,,,,,,,,,2020-10-17,25.0,16.0,272.0,10.0,6.0,160.0,8.0,4.0,18.0,6.0,12.0,27.0,18.0
,,,,,,,,,,,,,,2020-10-18,24.0,20.0,184.0,16.0,10.0,103.0,3.0,2.0,10.0,9.0,6.0,46.0,20.0
,,,,,,,,,,,,,,2020-10-19,23.0,21.0,193.0,15.0,8.0,91.0,0.0,5.0,6.0,3.0,5.0,43.0,18.0
,,,,,,,,,,,,,,2020-10-20,4.0,14.0,161.0,9.0,8.0,92.0,7.0,4.0,4.0,4.0,2.0,35.0,31.0
,,,,,,,,,,,,,,2020-10-21,13.0,12.0,231.0,6.0,4.0,106.0,2.0,5.0,13.0,5.0,1.0,34.0,12.0
,,,,,,,,,,,,,,2020-10-22,24.0,33.0,483.0,17.0,10.0,206.0,13.0,9.0,12.0,8.0,11.0,37.0,24.0
,,,,,,,,,,,,,,2020-10-23,35.0,26.0,425.0,13.0,8.0,201.0,14.0,2.0,13.0,7.0,3.0,35.0,24.0
,,,,,,,,,,,,,,2020-10-24,32.0,33.0,335.0,9.0,7.0,195.0,8.0,8.0,15.0,12.0,6.0,25.0,29.0
,,,,,,,,,,,,,,2020-10-25,34.0,16.0,249.0,12.0,12.0,135.0,7.0,3.0,17.0,5.0,4.0,27.0,24.0
,,,,,,,,,,,,,,2020-10-26,20.0,20.0,235.0,6.0,6.0,104.0,6.0,8.0,21.0,3.0,6.0,31.0,13.0
,,,,,,,,,,,,,,2020-10-27,26.0,28.0,362.0,11.0,10.0,182.0,9.0,5.0,12.0,4.0,5.0,19.0,23.0
,,,,,,,,,,,,,,2020-10-28,19.0,21.0,407.0,20.0,11.0,195.0,10.0,5.0,15.0,3.0,7.0,28.0,19.0
,,,,,,,,,,,,,,2020-10-29,24.0,17.0,384.0,13.0,10.0,173.0,7.0,5.0,12.0,3.0,11.0,30.0,26.0
,,,,,,,,,,,,,,2020-10-30,26.0,33.0,368.0,21.0,14.0,157.0,5.0,11.0,23.0,6.0,14.0,19.0,17.0
,,,,,,,,,,,,,,2020-10-31,30.0,28.0,317.0,10.0,10.0,166.0,11.0,1.0,15.0,7.0,5.0,37.0,27.0
,,,,,,,,,,,,,,2020-11-01,17.0,11.0,333.0,18.0,4.0,99.0,6.0,4.0,13.0,5.0,3.0,23.0,19.0
,,,,,,,,,,,,,,2020-11-02,23.0,16.0,284.0,9.0,8.0,122.0,12.0,2.0,20.0,3.0,6.0,32.0,16.0
,,,,,,,,,,,,,,2020-11-03,34.0,30.0,336.0,19.0,13.0,183.0,8.0,4.0,21.0,5.0,10.0,35.0,28.0
,,,,,,,,,,,,,,2020-11-04,21.0,27.0,330.0,16.0,12.0,197.0,8.0,8.0,18.0,5.0,5.0,24.0,21.0
,,,,,,,,,,,,,,2020-11-05,24.0,18.0,300.0,15.0,15.0,161.0,9.0,1.0,14.0,3.0,6.0,34.0,19.0
,,,,,,,,,,,,,,2020-11-06,2.0,0.0,18.0,1.0,0.0,9.0,0.0,0.0,0.0,0.0,0.0,0.0,0.0
,,,,,,,,,,,,,,2020-11-07,6.0,6.0,104.0,5.0,3.0,53.0,1.0,1.0,8.0,2.0,4.0,8.0,7.0
,,,,,,,,,,,,,,2020-11-08,28.0,28.0,312.0,30.0,7.0,125.0,5.0,5.0,16.0,4.0,6.0,22.0,13.0
,,,,,,,,,,,,,,2020-11-09,25.0,25.0,279.0,14.0,6.0,129.0,5.0,5.0,11.0,4.0,6.0,32.0,13.0
,,,,,,,,,,,,,,2020-11-10,26.0,29.0,345.0,17.0,7.0,154.0,6.0,2.0,4.0,6.0,6.0,32.0,23.0
,,,,,,,,,,,,,,2020-11-11,22.0,34.0,291.0,16.0,8.0,198.0,10.0,4.0,23.0,7.0,8.0,37.0,30.0
,,,,,,,,,,,,,,2020-11-12,34.0,22.0,340.0,20.0,7.0,200.0,4.0,4.0,19.0,9.0,4.0,28.0,21.0
,,,,,,,,,,,,,,2020-11-13,35.0,27.0,407.0,18.0,10.0,200.0,6.0,10.0,26.0,8.0,13.0,30.0,18.0
,,,,,,,,,,,,,,2020-11-14,15.0,25.0,379.0,18.0,9.0,181.0,11.0,11.0,14.0,5.0,5.0,30.0,19.0
,,,,,,,,,,,,,,2020-11-15,25.0,20.0,278.0,6.0,9.0,137.0,5.0,3.0,15.0,2.0,3.0,25.0,24.0
,,,,,,,,,,,,,,2020-11-16,26.0,24.0,317.0,6.0,10.0,135.0,11.0,10.0,11.0,7.0,4.0,18.0,29.0
,,,,,,,,,,,,,,2020-11-17,30.0,23.0,416.0,21.0,11.0,195.0,23.0,11.0,25.0,11.0,13.0,30.0,31.0
,,,,,,,,,,,,,,2020-11-18,31.0,32.0,630.0,22.0,11.0,211.0,21.0,6.0,17.0,4.0,8.0,38.0,27.0
,,,,,,,,,,,,,,2020-11-19,30.0,28.0,703.0,20.0,7.0,193.0,13.0,22.0,22.0,8.0,7.0,26.0,21.0
,,,,,,,,,,,,,,2020-11-20,31.0,30.0,505.0,30.0,6.0,173.0,15.0,19.0,25.0,4.0,6.0,33.0,18.0
,,,,,,,,,,,,,,2020-11-21,29.0,36.0,554.0,21.0,14.0,208.0,15.0,11.0,20.0,4.0,4.0,37.0,47.0
,,,,,,,,,,,,,,2020-11-22,23.0,32.0,488.0,61.0,7.0,151.0,13.0,4.0,26.0,8.0,9.0,27.0,97.0
,,,,,,,,,,,,,,2020-11-23,34.0,33.0,412.0,49.0,10.0,169.0,10.0,7.0,11.0,7.0,12.0,29.0,73.0
,,,,,,,,,,,,,,2020-11-24,34.0,38.0,471.0,49.0,11.0,259.0,9.0,7.0,27.0,7.0,15.0,38.0,118.0
,,,,,,,,,,,,,,2020-11-25,66.0,82.0,593.0,86.0,9.0,286.0,10.0,9.0,26.0,10.0,47.0,24.0,170.0
,,,,,,,,,,,,,,2020-11-26,54.0,62.0,545.0,49.0,9.0,207.0,7.0,11.0,34.0,12.0,35.0,24.0,106.0
,,,,,,,,,,,,,,2020-11-27,22.0,39.0,642.0,29.0,5.0,176.0,9.0,7.0,23.0,15.0,17.0,18.0,94.0
,,,,,,,,,,,,,,2020-11-28,24.0,48.0,396.0,14.0,9.0,180.0,9.0,19.0,17.0,7.0,13.0,31.0,60.0
,,,,,,,,,,,,,,2020-11-29,35.0,31.0,329.0,23.0,6.0,143.0,8.0,11.0,16.0,9.0,23.0,28.0,81.0
,,,,,,,,,,,,,,2020-11-30,31.0,37.0,365.0,20.0,8.0,138.0,6.0,9.0,18.0,4.0,16.0,26.0,73.0
,,,,,,,,,,,,,,2020-12-01,25.0,49.0,583.0,40.0,12.0,232.0,12.0,14.0,19.0,4.0,30.0,29.0,85.0
,,,,,,,,,,,,,,2020-12-02,37.0,46.0,577.0,23.0,8.0,256.0,15.0,16.0,22.0,10.0,12.0,23.0,74.0
,,,,,,,,,,,,,,2020-12-03,39.0,41.0,439.0,16.0,11.0,226.0,17.0,11.0,20.0,8.0,9.0,32.0,60.0
,,,,,,,,,,,,,,2020-12-04,27.0,25.0,278.0,32.0,4.0,127.0,8.0,9.0,12.0,8.0,11.0,22.0,39.0
,,,,,,,,,,,,,,2020-12-05,26.0,35.0,360.0,20.0,5.0,189.0,6.0,3.0,24.0,7.0,8.0,21.0,64.0
,,,,,,,,,,,,,,2020-12-06,38.0,44.0,342.0,31.0,4.0,159.0,1.0,4.0,15.0,6.0,6.0,33.0,43.0
,,,,,,,,,,,,,,2020-12-07,30.0,40.0,336.0,25.0,4.0,163.0,13.0,5.0,21.0,8.0,8.0,25.0,59.0
,,,,,,,,,,,,,,2020-12-08,35.0,30.0,422.0,20.0,9.0,233.0,7.0,12.0,19.0,16.0,8.0,39.0,79.0
,,,,,,,,,,,,,,2020-12-09,32.0,39.0,400.0,31.0,11.0,197.0,6.0,19.0,18.0,14.0,12.0,31.0,55.0
,,,,,,,,,,,,,,2020-12-10,42.0,44.0,450.0,23.0,5.0,180.0,6.0,13.0,17.0,9.0,14.0,24.0,49.0
,,,,,,,,,,,,,,2020-12-11,33.0,37.0,415.0,15.0,5.0,222.0,8.0,14.0,13.0,6.0,11.0,27.0,81.0
,,,,,,,,,,,,,,2020-12-12,50.0,46.0,416.0,15.0,7.0,195.0,6.0,11.0,17.0,10.0,9.0,29.0,119.0
,,,,,,,,,,,,,,2020-12-13,43.0,27.0,322.0,19.0,4.0,140.0,5.0,15.0,16.0,4.0,15.0,25.0,107.0
,,,,,,,,,,,,,,2020-12-14,37.0,40.0,319.0,13.0,4.0,115.0,5.0,12.0,17.0,9.0,11.0,31.0,66.0
,,,,,,,,,,,,,,2020-12-15,33.0,40.0,406.0,19.0,6.0,202.0,11.0,10.0,13.0,4.0,12.0,31.0,52.0
,,,,,,,,,,,,,,2020-12-16,49.0,49.0,447.0,21.0,9.0,184.0,7.0,6.0,10.0,8.0,14.0,37.0,34.0
,,,,,,,,,,,,,,2020-12-17,31.0,46.0,939.0,22.0,12.0,219.0,8.0,9.0,19.0,8.0,9.0,31.0,66.0
,,,,,,,,,,,,,,2020-12-18,45.0,58.0,1134.0,51.0,10.0,214.0,15.0,6.0,30.0,11.0,17.0,34.0,71.0
,,,,,,,,,,,,,,2020-12-19,35.0,47.0,648.0,20.0,16.0,180.0,17.0,13.0,26.0,10.0,17.0,24.0,50.0
,,,,,,,,,,,,,,2020-12-20,31.0,55.0,512.0,34.0,6.0,148.0,15.0,2.0,27.0,8.0,17.0,23.0,37.0
,,,,,,,,,,,,,,2020-12-21,35.0,47.0,537.0,69.0,6.0,139.0,18.0,2.0,17.0,5.0,10.0,21.0,34.0
,,,,,,,,,,,,,,2020-12-22,38.0,59.0,586.0,100.0,8.0,178.0,23.0,5.0,31.0,10.0,9.0,23.0,44.0
,,,,,,,,,,,,,,2020-12-23,34.0,64.0,570.0,42.0,8.0,194.0,13.0,9.0,38.0,11.0,21.0,28.0,125.0
,,,,,,,,,,,,,,2020-12-24,41.0,66.0,527.0,55.0,11.0,197.0,13.0,15.0,21.0,8.0,26.0,28.0,221.0
,,,,,,,,,,,,,,2020-12-25,33.0,65.0,425.0,36.0,10.0,162.0,12.0,10.0,17.0,12.0,16.0,28.0,192.0
,,,,,,,,,,,,,,2020-12-26,12.0,53.0,439.0,36.0,6.0,101.0,6.0,3.0,15.0,3.0,12.0,20.0,98.0
,,,,,,,,,,,,,,2020-12-27,30.0,55.0,706.0,45.0,4.0,137.0,20.0,8.0,17.0,4.0,6.0,32.0,84.0
,,,,,,,,,,,,,,2020-12-28,41.0,60.0,600.0,47.0,4.0,151.0,15.0,6.0,14.0,3.0,8.0,38.0,85.0
,,,,,,,,,,,,,,2020-12-29,39.0,81.0,532.0,46.0,13.0,216.0,10.0,3.0,20.0,15.0,9.0,35.0,97.0
,,,,,,,,,,,,,,2020-12-30,38.0,61.0,557.0,47.0,7.0,197.0,21.0,5.0,25.0,21.0,19.0,38.0,206.0
,,,,,,,,,,,,,,2020-12-31,45.0,75.0,757.0,37.0,9.0,159.0,12.0,10.0,24.0,15.0,23.0,35.0,141.0
,,,,,,,,,,,,,,2021-01-01,58.0,75.0,662.0,38.0,5.0,185.0,10.0,4.0,18.0,11.0,13.0,27.0,81.0
,,,,,,,,,,,,,,2021-01-02,30.0,60.0,555.0,102.0,3.0,142.0,13.0,5.0,19.0,9.0,16.0,67.0,52.0
,,,,,,,,,,,,,,2021-01-03,34.0,91.0,1142.0,1057.0,10.0,184.0,20.0,10.0,24.0,17.0,22.0,75.0,49.0
,,,,,,,,,,,,,,2021-01-04,45.0,115.0,1072.0,710.0,11.0,292.0,36.0,13.0,16.0,16.0,16.0,63.0,68.0
,,,,,,,,,,,,,,2021-01-05,56.0,151.0,875.0,466.0,13.0,326.0,22.0,16.0,21.0,23.0,37.0,76.0,77.0
,,,,,,,,,,,,,,2021-01-06,63.0,165.0,769.0,295.0,14.0,294.0,33.0,12.0,16.0,20.0,57.0,49.0,119.0
,,,,,,,,,,,,,,2021-01-07,99.0,155.0,977.0,289.0,7.0,313.0,18.0,13.0,29.0,26.0,86.0,59.0,78.0
,,,,,,,,,,,,,,2021-01-08,101.0,209.0,1469.0,263.0,5.0,296.0,24.0,16.0,23.0,29.0,47.0,29.0,112.0
,,,,,,,,,,,,,,2021-01-09,66.0,191.0,1125.0,228.0,13.0,271.0,28.0,12.0,23.0,20.0,44.0,45.0,72.0
,,,,,,,,,,,,,,2021-01-10,62.0,121.0,821.0,179.0,11.0,189.0,18.0,19.0,19.0,14.0,26.0,40.0,46.0
,,,,,,,,,,,,,,2021-01-11,69.0,132.0,873.0,215.0,34.0,274.0,29.0,13.0,26.0,14.0,28.0,49.0,53.0
,,,,,,,,,,,,,,2021-01-12,63.0,110.0,1356.0,288.0,24.0,304.0,19.0,6.0,20.0,12.0,21.0,50.0,53.0
,,,,,,,,,,,,,,2021-01-13,58.0,127.0,875.0,138.0,16.0,228.0,23.0,10.0,31.0,14.0,26.0,46.0,57.0
,,,,,,,,,,,,,,2021-01-14,65.0,105.0,800.0,133.0,12.0,243.0,18.0,14.0,21.0,10.0,25.0,53.0,71.0
,,,,,,,,,,,,,,2021-01-15,80.0,114.0,883.0,159.0,16.0,257.0,22.0,8.0,14.0,7.0,29.0,39.0,58.0
,,,,,,,,,,,,,,2021-01-16,87.0,115.0,717.0,130.0,15.0,241.0,17.0,15.0,24.0,10.0,19.0,39.0,46.0
,,,,,,,,,,,,,,2021-01-17,103.0,107.0,620.0,105.0,7.0,197.0,17.0,13.0,16.0,14.0,26.0,36.0,44.0
,,,,,,,,,,,,,,2021-01-18,108.0,87.0,519.0,92.0,7.0,180.0,8.0,5.0,10.0,7.0,13.0,30.0,42.0
,,,,,,,,,,,,,,2021-01-19,91.0,79.0,573.0,115.0,18.0,214.0,28.0,7.0,21.0,15.0,24.0,46.0,44.0
,,,,,,,,,,,,,,2021-01-20,69.0,121.0,659.0,103.0,16.0,410.0,16.0,12.0,27.0,17.0,22.0,41.0,67.0
,,,,,,,,,,,,,,2021-01-21,77.0,97.0,622.0,102.0,5.0,319.0,25.0,13.0,18.0,23.0,19.0,35.0,71.0
,,,,,,,,,,,,,,2021-01-22,92.0,86.0,772.0,86.0,10.0,254.0,11.0,6.0,19.0,12.0,19.0,32.0,43.0
,,,,,,,,,,,,,,2021-01-23,81.0,63.0,763.0,99.0,10.0,232.0,11.0,11.0,18.0,13.0,19.0,27.0,35.0
,,,,,,,,,,,,,,2021-01-24,69.0,62.0,459.0,77.0,5.0,157.0,14.0,16.0,20.0,10.0,11.0,37.0,43.0
,,,,,,,,,,,,,,2021-01-25,35.0,70.0,431.0,81.0,9.0,184.0,17.0,9.0,8.0,8.0,12.0,18.0,23.0
,,,,,,,,,,,,,,2021-01-26,76.0,73.0,497.0,70.0,11.0,317.0,18.0,8.0,20.0,11.0,25.0,37.0,37.0
,,,,,,,,,,,,,,2021-01-27,41.0,47.0,334.0,63.0,6.0,176.0,13.0,6.0,14.0,3.0,17.0,32.0,33.0
,,,,,,,,,,,,,,2021-01-28,37.0,25.0,324.0,92.0,4.0,175.0,11.0,1.0,3.0,3.0,4.0,15.0,28.0
,,,,,,,,,,,,,,2021-01-29,84.0,130.0,885.0,8782.0,5.0,469.0,26.0,9.0,19.0,15.0,23.0,46.0,103.0
,,,,,,,,,,,,,,2021-01-30,89.0,614.0,1484.0,48493.0,7.0,748.0,42.0,13.0,27.0,18.0,77.0,41.0,181.0
,,,,,,,,,,,,,,2021-01-31,87.0,353.0,920.0,26312.0,14.0,662.0,35.0,8.0,16.0,16.0,53.0,33.0,631.0
,,,,,,,,,,,,,,2021-02-01,85.0,305.0,793.0,16509.0,18.0,556.0,33.0,8.0,15.0,25.0,56.0,41.0,922.0
,,,,,,,,,,,,,,2021-02-02,133.0,333.0,895.0,13776.0,28.0,546.0,35.0,18.0,38.0,25.0,65.0,44.0,2759.0
,,,,,,,,,,,,,,2021-02-03,205.0,250.0,844.0,9156.0,16.0,714.0,55.0,17.0,41.0,25.0,98.0,49.0,418.0
,,,,,,,,,,,,,,2021-02-04,177.0,279.0,804.0,9590.0,22.0,741.0,47.0,21.0,37.0,23.0,57.0,47.0,257.0
,,,,,,,,,,,,,,2021-02-05,154.0,295.0,717.0,19685.0,10.0,598.0,40.0,20.0,33.0,25.0,41.0,43.0,274.0
,,,,,,,,,,,,,,2021-02-06,0.0,0.0,0.0,0.0,0.0,0.0,0.0,0.0,0.0,0.0,0.0,0.0,0.0
,,,,,,,,,,,,,,2021-02-07,0.0,0.0,0.0,0.0,0.0,0.0,0.0,0.0,0.0,0.0,0.0,0.0,0.0
,,,,,,,,,,,,,,2021-02-08,5.0,3.0,13.0,711.0,0.0,11.0,1.0,2.0,1.0,0.0,3.0,1.0,2.0
,,,,,,,,,,,,,,2021-02-09,293.0,248.0,771.0,10373.0,9.0,285.0,21.0,30.0,14.0,31.0,27.0,45.0,78.0
,,,,,,,,,,,,,,2021-02-10,328.0,354.0,1207.0,11773.0,21.0,488.0,37.0,32.0,40.0,46.0,23.0,48.0,114.0
,,,,,,,,,,,,,,2021-02-11,481.0,344.0,850.0,7030.0,14.0,395.0,61.0,43.0,34.0,32.0,44.0,78.0,173.0
,,,,,,,,,,,,,,2021-02-12,609.0,432.0,1102.0,6570.0,31.0,497.0,65.0,76.0,49.0,36.0,64.0,77.0,192.0
,,,,,,,,,,,,,,2021-02-13,384.0,331.0,1014.0,7402.0,37.0,420.0,76.0,35.0,38.0,68.0,74.0,68.0,207.0
,,,,,,,,,,,,,,2021-02-14,269.0,290.0,832.0,4331.0,24.0,366.0,136.0,44.0,54.0,74.0,82.0,68.0,252.0
,,,,,,,,,,,,,,2021-02-15,237.0,249.0,943.0,6511.0,14.0,350.0,105.0,38.0,43.0,39.0,62.0,60.0,138.0
,,,,,,,,,,,,,,2021-02-16,250.0,267.0,860.0,6491.0,26.0,420.0,74.0,35.0,37.0,48.0,58.0,60.0,167.0
,,,,,,,,,,,,,,2021-02-17,131.0,122.0,528.0,2097.0,13.0,215.0,33.0,17.0,22.0,17.0,18.0,32.0,89.0
,,,,,,,,,,,,,,2021-02-18,133.0,111.0,545.0,1768.0,6.0,146.0,33.0,17.0,12.0,15.0,25.0,19.0,55.0
,,,,,,,,,,,,,,2021-02-19,311.0,298.0,1054.0,4598.0,20.0,629.0,67.0,45.0,33.0,32.0,66.0,71.0,128.0
,,,,,,,,,,,,,,2021-02-20,313.0,713.0,1318.0,2752.0,17.0,563.0,81.0,50.0,38.0,27.0,51.0,73.0,120.0
,,,,,,,,,,,,,,2021-02-21,509.0,432.0,1138.0,2679.0,17.0,627.0,78.0,31.0,45.0,49.0,52.0,66.0,108.0
,,,,,,,,,,,,,,2021-02-22,283.0,345.0,1025.0,2589.0,13.0,456.0,56.0,28.0,82.0,29.0,50.0,44.0,129.0
,,,,,,,,,,,,,,2021-02-23,299.0,330.0,1150.0,2657.0,15.0,569.0,59.0,24.0,40.0,27.0,48.0,53.0,270.0
,,,,,,,,,,,,,,2021-02-24,299.0,348.0,1490.0,2920.0,25.0,604.0,60.0,18.0,40.0,22.0,40.0,54.0,193.0
,,,,,,,,,,,,,,2021-02-25,266.0,255.0,1075.0,2847.0,15.0,506.0,54.0,48.0,34.0,39.0,39.0,44.0,134.0
,,,,,,,,,,,,,,2021-02-26,409.0,276.0,879.0,1891.0,17.0,462.0,51.0,31.0,33.0,20.0,45.0,64.0,133.0
,,,,,,,,,,,,,,2021-02-27,522.0,221.0,871.0,1841.0,10.0,525.0,37.0,26.0,21.0,20.0,32.0,73.0,122.0
,,,,,,,,,,,,,,2021-02-28,635.0,224.0,698.0,1599.0,11.0,394.0,35.0,19.0,28.0,27.0,56.0,59.0,73.0
,,,,,,,,,,,,,,2021-03-01,112.0,43.0,163.0,499.0,5.0,137.0,10.0,3.0,2.0,9.0,5.0,6.0,20.0
,,,,,,,,,,,,,,2021-03-02,0.0,0.0,0.0,0.0,0.0,0.0,0.0,0.0,0.0,0.0,0.0,0.0,0.0
,,,,,,,,,,,,,,2021-03-03,174.0,115.0,318.0,766.0,9.0,203.0,16.0,10.0,20.0,11.0,23.0,25.0,36.0
,,,,,,,,,,,,,,2021-03-04,360.0,245.0,722.0,1416.0,13.0,468.0,41.0,28.0,41.0,47.0,37.0,58.0,134.0
,,,,,,,,,,,,,,2021-03-05,311.0,196.0,671.0,1666.0,13.0,422.0,41.0,31.0,23.0,40.0,40.0,44.0,101.0
,,,,,,,,,,,,,,2021-03-06,86.0,52.0,199.0,440.0,2.0,97.0,12.0,4.0,5.0,16.0,3.0,17.0,36.0
,,,,,,,,,,,,,,2021-03-07,0.0,0.0,0.0,0.0,0.0,0.0,0.0,0.0,0.0,0.0,0.0,0.0,0.0
,,,,,,,,,,,,,,2021-03-08,23.0,27.0,50.0,140.0,1.0,31.0,3.0,2.0,2.0,2.0,3.0,2.0,6.0
,,,,,,,,,,,,,,2021-03-09,104.0,120.0,418.0,1733.0,0.0,221.0,17.0,16.0,15.0,30.0,10.0,30.0,42.0
,,,,,,,,,,,,,,2021-03-10,220.0,316.0,748.0,1992.0,6.0,494.0,36.0,30.0,31.0,39.0,30.0,51.0,92.0
,,,,,,,,,,,,,,2021-03-11,180.0,303.0,769.0,1480.0,7.0,470.0,39.0,27.0,23.0,56.0,29.0,58.0,98.0
,,,,,,,,,,,,,,2021-03-12,170.0,288.0,730.0,1356.0,14.0,416.0,28.0,27.0,26.0,46.0,27.0,46.0,73.0
,,,,,,,,,,,,,,2021-03-13,199.0,287.0,667.0,1409.0,10.0,378.0,39.0,19.0,19.0,48.0,36.0,47.0,69.0
,,,,,,,,,,,,,,2021-03-14,165.0,288.0,977.0,1971.0,11.0,421.0,44.0,12.0,23.0,30.0,24.0,55.0,61.0
,,,,,,,,,,,,,,2021-03-15,131.0,218.0,716.0,2150.0,10.0,390.0,46.0,22.0,30.0,28.0,37.0,40.0,63.0
,,,,,,,,,,,,,,2021-03-16,150.0,248.0,685.0,1262.0,8.0,375.0,37.0,25.0,23.0,69.0,43.0,33.0,71.0
,,,,,,,,,,,,,,2021-03-17,293.0,246.0,781.0,1436.0,16.0,462.0,40.0,30.0,39.0,69.0,38.0,58.0,106.0
,,,,,,,,,,,,,,2021-03-18,194.0,154.0,485.0,964.0,9.0,268.0,38.0,24.0,22.0,23.0,21.0,35.0,43.0
,,,,,,,,,,,,,,2021-03-19,0.0,0.0,0.0,0.0,0.0,0.0,0.0,0.0,0.0,0.0,0.0,0.0,0.0
,,,,,,,,,,,,,,2021-03-20,0.0,0.0,0.0,0.0,0.0,0.0,0.0,0.0,0.0,0.0,0.0,0.0,0.0
,,,,,,,,,,,,,,2021-03-21,0.0,0.0,0.0,0.0,0.0,0.0,0.0,0.0,0.0,0.0,0.0,0.0,0.0
,,,,,,,,,,,,,,2021-03-22,0.0,0.0,0.0,0.0,0.0,0.0,0.0,0.0,0.0,0.0,0.0,0.0,0.0
,,,,,,,,,,,,,,2021-03-23,0.0,0.0,0.0,0.0,0.0,0.0,0.0,0.0,0.0,0.0,0.0,0.0,0.0
,,,,,,,,,,,,,,2021-03-24,0.0,0.0,0.0,0.0,0.0,0.0,0.0,0.0,0.0,0.0,0.0,0.0,0.0
,,,,,,,,,,,,,,2021-03-25,0.0,0.0,0.0,0.0,0.0,0.0,0.0,0.0,0.0,0.0,0.0,0.0,0.0
,,,,,,,,,,,,,,2021-03-26,0.0,0.0,0.0,0.0,0.0,0.0,0.0,0.0,0.0,0.0,0.0,0.0,0.0
,,,,,,,,,,,,,,2021-03-27,0.0,0.0,0.0,0.0,0.0,0.0,0.0,0.0,0.0,0.0,0.0,0.0,0.0
,,,,,,,,,,,,,,2021-03-28,38.0,46.0,118.0,127.0,3.0,77.0,5.0,11.0,11.0,8.0,9.0,8.0,6.0
,,,,,,,,,,,,,,2021-03-29,110.0,175.0,464.0,718.0,3.0,287.0,32.0,13.0,8.0,37.0,18.0,31.0,51.0
,,,,,,,,,,,,,,2021-03-30,128.0,218.0,592.0,665.0,23.0,448.0,35.0,33.0,37.0,33.0,40.0,65.0,84.0
,,,,,,,,,,,,,,2021-03-31,148.0,279.0,645.0,728.0,15.0,375.0,39.0,13.0,34.0,42.0,22.0,44.0,84.0
,,,,,,,,,,,,,,2021-04-01,192.0,257.0,717.0,713.0,15.0,405.0,38.0,17.0,41.0,36.0,38.0,58.0,80.0
,,,,,,,,,,,,,,2021-04-02,182.0,212.0,637.0,1858.0,18.0,455.0,40.0,46.0,31.0,35.0,30.0,49.0,103.0
,,,,,,,,,,,,,,2021-04-03,153.0,255.0,625.0,890.0,36.0,599.0,26.0,24.0,26.0,28.0,31.0,44.0,70.0
,,,,,,,,,,,,,,2021-04-04,144.0,229.0,509.0,677.0,19.0,382.0,26.0,10.0,31.0,36.0,21.0,31.0,76.0
,,,,,,,,,,,,,,2021-04-05,113.0,242.0,423.0,633.0,18.0,346.0,22.0,4.0,26.0,30.0,20.0,35.0,54.0
,,,,,,,,,,,,,,2021-04-06,131.0,305.0,581.0,588.0,22.0,397.0,18.0,19.0,34.0,54.0,39.0,59.0,316.0
,,,,,,,,,,,,,,2021-04-07,170.0,315.0,647.0,1118.0,20.0,425.0,48.0,14.0,27.0,42.0,67.0,49.0,491.0
,,,,,,,,,,,,,,2021-04-08,118.0,388.0,556.0,1457.0,21.0,506.0,40.0,20.0,38.0,51.0,61.0,59.0,253.0
,,,,,,,,,,,,,,2021-04-09,134.0,291.0,564.0,717.0,21.0,429.0,25.0,24.0,26.0,42.0,44.0,51.0,188.0
,,,,,,,,,,,,,,2021-04-10,121.0,280.0,585.0,734.0,13.0,383.0,23.0,18.0,26.0,54.0,39.0,53.0,188.0
,,,,,,,,,,,,,,2021-04-11,0.0,0.0,0.0,0.0,0.0,0.0,0.0,0.0,0.0,0.0,0.0,0.0,0.0
,,,,,,,,,,,,,,2021-04-12,0.0,0.0,0.0,0.0,0.0,0.0,0.0,0.0,0.0,0.0,0.0,0.0,0.0
,,,,,,,,,,,,,,2021-04-13,0.0,0.0,0.0,0.0,0.0,0.0,0.0,0.0,0.0,0.0,0.0,0.0,0.0
,,,,,,,,,,,,,,2021-04-14,0.0,0.0,0.0,0.0,0.0,0.0,0.0,0.0,0.0,0.0,0.0,0.0,0.0
,,,,,,,,,,,,,,2021-04-15,125.0,425.0,695.0,5981.0,18.0,512.0,36.0,16.0,29.0,76.0,38.0,56.0,371.0
,,,,,,,,,,,,,,2021-04-16,144.0,381.0,735.0,7672.0,25.0,723.0,36.0,20.0,27.0,103.0,33.0,59.0,271.0
,,,,,,,,,,,,,,2021-04-17,157.0,558.0,781.0,27183.0,18.0,502.0,71.0,25.0,43.0,102.0,21.0,62.0,295.0
,,,,,,,,,,,,,,2021-04-18,152.0,454.0,624.0,12395.0,12.0,430.0,63.0,32.0,62.0,163.0,28.0,46.0,188.0
,,,,,,,,,,,,,,2021-04-19,156.0,434.0,921.0,9711.0,13.0,547.0,45.0,22.0,43.0,103.0,29.0,58.0,283.0
,,,,,,,,,,,,,,2021-04-20,151.0,569.0,744.0,14279.0,22.0,536.0,49.0,30.0,67.0,119.0,43.0,41.0,209.0
,,,,,,,,,,,,,,2021-04-21,165.0,625.0,798.0,24457.0,14.0,565.0,48.0,19.0,41.0,77.0,31.0,68.0,198.0
,,,,,,,,,,,,,,2021-04-22,138.0,577.0,733.0,8793.0,20.0,645.0,42.0,51.0,33.0,95.0,35.0,85.0,182.0
,,,,,,,,,,,,,,2021-04-23,148.0,451.0,832.0,9760.0,20.0,843.0,39.0,31.0,19.0,75.0,43.0,61.0,205.0
,,,,,,,,,,,,,,2021-04-24,153.0,445.0,1142.0,11235.0,16.0,706.0,39.0,27.0,16.0,76.0,28.0,58.0,192.0
,,,,,,,,,,,,,,2021-04-25,121.0,359.0,633.0,5962.0,20.0,510.0,32.0,22.0,26.0,57.0,36.0,60.0,135.0
,,,,,,,,,,,,,,2021-04-26,116.0,393.0,632.0,4838.0,20.0,533.0,39.0,24.0,34.0,55.0,33.0,55.0,181.0
,,,,,,,,,,,,,,2021-04-27,160.0,431.0,811.0,3666.0,18.0,632.0,38.0,36.0,39.0,90.0,34.0,73.0,169.0
,,,,,,,,,,,,,,2021-04-28,157.0,377.0,663.0,3738.0,20.0,651.0,44.0,45.0,41.0,65.0,36.0,50.0,164.0
,,,,,,,,,,,,,,2021-04-29,159.0,355.0,669.0,5686.0,20.0,782.0,31.0,67.0,24.0,57.0,33.0,64.0,137.0
,,,,,,,,,,,,,,2021-04-30,231.0,350.0,634.0,3828.0,20.0,811.0,47.0,53.0,32.0,74.0,46.0,80.0,164.0
,,,,,,,,,,,,,,2021-05-01,182.0,310.0,653.0,4160.0,18.0,666.0,28.0,36.0,29.0,58.0,38.0,58.0,242.0
,,,,,,,,,,,,,,2021-05-02,146.0,329.0,548.0,6629.0,11.0,740.0,34.0,25.0,18.0,54.0,28.0,51.0,143.0
,,,,,,,,,,,,,,2021-05-03,148.0,322.0,508.0,5989.0,16.0,633.0,32.0,10.0,21.0,62.0,29.0,45.0,128.0
,,,,,,,,,,,,,,2021-05-04,156.0,368.0,628.0,8526.0,22.0,1389.0,46.0,34.0,27.0,66.0,36.0,49.0,183.0
,,,,,,,,,,,,,,2021-05-05,152.0,451.0,676.0,19895.0,18.0,1069.0,47.0,21.0,30.0,65.0,36.0,56.0,206.0
,,,,,,,,,,,,,,2021-05-06,168.0,569.0,646.0,21580.0,32.0,773.0,81.0,40.0,32.0,74.0,38.0,56.0,193.0
,,,,,,,,,,,,,,2021-05-07,233.0,485.0,663.0,10644.0,54.0,770.0,61.0,35.0,35.0,89.0,55.0,63.0,273.0
,,,,,,,,,,,,,,2021-05-08,240.0,489.0,652.0,12764.0,41.0,732.0,55.0,37.0,27.0,120.0,44.0,95.0,186.0
,,,,,,,,,,,,,,2021-05-09,176.0,472.0,529.0,15838.0,29.0,746.0,45.0,20.0,22.0,44.0,41.0,59.0,128.0
,,,,,,,,,,,,,,2021-05-10,247.0,457.0,531.0,34227.0,23.0,769.0,33.0,27.0,16.0,63.0,38.0,61.0,150.0
,,,,,,,,,,,,,,2021-05-11,243.0,654.0,656.0,11458.0,31.0,1246.0,107.0,26.0,34.0,54.0,66.0,63.0,188.0
,,,,,,,,,,,,,,2021-05-12,216.0,692.0,648.0,10214.0,55.0,788.0,56.0,32.0,25.0,73.0,35.0,62.0,132.0
,,,,,,,,,,,,,,2021-05-13,248.0,549.0,638.0,7672.0,63.0,987.0,55.0,36.0,31.0,58.0,37.0,60.0,141.0
,,,,,,,,,,,,,,2021-05-14,597.0,491.0,1486.0,12528.0,36.0,959.0,50.0,49.0,27.0,66.0,36.0,74.0,211.0
,,,,,,,,,,,,,,2021-05-15,364.0,452.0,808.0,10400.0,23.0,656.0,46.0,35.0,24.0,56.0,40.0,78.0,179.0
,,,,,,,,,,,,,,2021-05-16,529.0,384.0,705.0,4785.0,16.0,529.0,27.0,26.0,16.0,50.0,25.0,55.0,193.0
,,,,,,,,,,,,,,2021-05-17,453.0,401.0,937.0,5482.0,19.0,638.0,31.0,45.0,15.0,57.0,29.0,56.0,147.0
,,,,,,,,,,,,,,2021-05-18,337.0,457.0,1303.0,4790.0,20.0,789.0,33.0,32.0,28.0,57.0,28.0,71.0,166.0
,,,,,,,,,,,,,,2021-05-19,315.0,449.0,874.0,4027.0,14.0,622.0,36.0,32.0,23.0,61.0,25.0,73.0,198.0
,,,,,,,,,,,,,,2021-05-20,332.0,811.0,2049.0,11205.0,18.0,1385.0,63.0,40.0,29.0,87.0,37.0,79.0,280.0
,,,,,,,,,,,,,,2021-05-21,298.0,496.0,1099.0,6160.0,24.0,834.0,46.0,27.0,22.0,62.0,24.0,96.0,225.0
,,,,,,,,,,,,,,2021-05-22,220.0,403.0,1023.0,4371.0,9.0,736.0,47.0,22.0,22.0,52.0,21.0,110.0,195.0
,,,,,,,,,,,,,,2021-05-23,160.0,282.0,840.0,3550.0,27.0,560.0,31.0,20.0,26.0,47.0,20.0,70.0,174.0
,,,,,,,,,,,,,,2021-05-24,212.0,334.0,923.0,5167.0,39.0,777.0,34.0,12.0,17.0,47.0,24.0,42.0,149.0
,,,,,,,,,,,,,,2021-05-25,179.0,381.0,811.0,4507.0,33.0,684.0,28.0,15.0,27.0,34.0,30.0,47.0,136.0
,,,,,,,,,,,,,,2021-05-26,143.0,256.0,581.0,3533.0,16.0,489.0,27.0,13.0,24.0,24.0,12.0,50.0,109.0
,,,,,,,,,,,,,,2021-05-27,196.0,250.0,617.0,2791.0,16.0,494.0,28.0,29.0,20.0,38.0,21.0,40.0,91.0
,,,,,,,,,,,,,,2021-05-28,210.0,245.0,657.0,2661.0,23.0,490.0,28.0,21.0,13.0,26.0,27.0,47.0,145.0
,,,,,,,,,,,,,,2021-05-29,199.0,212.0,592.0,2636.0,20.0,507.0,34.0,25.0,11.0,23.0,23.0,56.0,80.0
,,,,,,,,,,,,,,2021-05-30,168.0,256.0,530.0,2859.0,15.0,514.0,34.0,8.0,9.0,29.0,13.0,59.0,71.0
,,,,,,,,,,,,,,2021-05-31,200.0,224.0,546.0,2250.0,10.0,445.0,27.0,16.0,9.0,36.0,30.0,59.0,94.0
,,,,,,,,,,,,,,2021-06-01,182.0,229.0,578.0,2586.0,21.0,545.0,39.0,27.0,15.0,21.0,23.0,56.0,106.0
,,,,,,,,,,,,,,2021-06-02,196.0,228.0,582.0,3086.0,12.0,520.0,37.0,21.0,22.0,41.0,32.0,54.0,101.0
,,,,,,,,,,,,,,2021-06-03,1166.0,266.0,552.0,4659.0,12.0,499.0,34.0,43.0,15.0,42.0,33.0,67.0,85.0
,,,,,,,,,,,,,,2021-06-04,353.0,307.0,559.0,3629.0,12.0,547.0,28.0,31.0,22.0,34.0,35.0,70.0,108.0
,,,,,,,,,,,,,,2021-06-05,252.0,210.0,717.0,3732.0,11.0,533.0,40.0,41.0,15.0,37.0,37.0,56.0,89.0
,,,,,,,,,,,,,,2021-06-06,206.0,233.0,586.0,2600.0,7.0,464.0,28.0,11.0,16.0,34.0,26.0,46.0,93.0
,,,,,,,,,,,,,,2021-06-07,135.0,182.0,661.0,2133.0,6.0,428.0,20.0,22.0,13.0,38.0,15.0,54.0,69.0
,,,,,,,,,,,,,,2021-06-08,161.0,218.0,678.0,2123.0,14.0,525.0,13.0,25.0,14.0,34.0,18.0,49.0,89.0
,,,,,,,,,,,,,,2021-06-09,148.0,215.0,853.0,2886.0,9.0,547.0,24.0,7.0,20.0,27.0,20.0,44.0,88.0
,,,,,,,,,,,,,,2021-06-10,133.0,201.0,879.0,2256.0,9.0,530.0,23.0,21.0,24.0,28.0,16.0,57.0,80.0
,,,,,,,,,,,,,,2021-06-11,137.0,225.0,796.0,1969.0,16.0,540.0,35.0,20.0,22.0,36.0,38.0,71.0,115.0
,,,,,,,,,,,,,,2021-06-12,120.0,205.0,615.0,1814.0,7.0,446.0,34.0,16.0,23.0,21.0,26.0,51.0,91.0
,,,,,,,,,,,,,,2021-06-13,105.0,165.0,518.0,1756.0,12.0,403.0,32.0,13.0,27.0,30.0,16.0,38.0,67.0
,,,,,,,,,,,,,,2021-06-14,89.0,157.0,506.0,1737.0,6.0,456.0,20.0,14.0,11.0,20.0,17.0,49.0,73.0
,,,,,,,,,,,,,,2021-06-15,154.0,179.0,664.0,1708.0,8.0,544.0,36.0,10.0,14.0,23.0,16.0,50.0,105.0
,,,,,,,,,,,,,,2021-06-16,140.0,168.0,558.0,1480.0,6.0,471.0,25.0,18.0,20.0,21.0,19.0,51.0,76.0
,,,,,,,,,,,,,,2021-06-17,119.0,208.0,588.0,1371.0,11.0,488.0,28.0,12.0,18.0,61.0,22.0,55.0,88.0
,,,,,,,,,,,,,,2021-06-18,114.0,208.0,586.0,1341.0,9.0,562.0,24.0,15.0,17.0,48.0,19.0,75.0,100.0
,,,,,,,,,,,,,,2021-06-19,119.0,162.0,539.0,2116.0,5.0,558.0,23.0,17.0,14.0,47.0,21.0,74.0,93.0
,,,,,,,,,,,,,,2021-06-20,92.0,151.0,456.0,1321.0,10.0,423.0,21.0,6.0,16.0,14.0,19.0,42.0,56.0
,,,,,,,,,,,,,,2021-06-21,103.0,128.0,402.0,1871.0,10.0,410.0,23.0,8.0,9.0,13.0,16.0,29.0,62.0
,,,,,,,,,,,,,,2021-06-22,107.0,173.0,739.0,3971.0,11.0,550.0,30.0,8.0,29.0,20.0,22.0,39.0,64.0
,,,,,,,,,,,,,,2021-06-23,185.0,219.0,891.0,4096.0,8.0,599.0,35.0,15.0,14.0,29.0,27.0,38.0,111.0
,,,,,,,,,,,,,,2021-06-24,141.0,175.0,619.0,2180.0,11.0,470.0,21.0,21.0,13.0,26.0,21.0,58.0,64.0
,,,,,,,,,,,,,,2021-06-25,115.0,162.0,521.0,1482.0,13.0,457.0,27.0,13.0,12.0,22.0,21.0,47.0,69.0
,,,,,,,,,,,,,,2021-06-26,111.0,143.0,527.0,1930.0,13.0,438.0,21.0,9.0,12.0,21.0,14.0,31.0,64.0
,,,,,,,,,,,,,,2021-06-27,89.0,123.0,440.0,984.0,11.0,361.0,10.0,7.0,11.0,18.0,8.0,37.0,56.0
,,,,,,,,,,,,,,2021-06-28,93.0,192.0,394.0,1047.0,3.0,340.0,14.0,5.0,6.0,22.0,11.0,23.0,59.0
,,,,,,,,,,,,,,2021-06-29,109.0,168.0,497.0,1008.0,11.0,427.0,17.0,13.0,18.0,20.0,13.0,35.0,60.0
,,,,,,,,,,,,,,2021-06-30,106.0,166.0,517.0,1025.0,9.0,445.0,29.0,9.0,20.0,23.0,12.0,33.0,60.0
,,,,,,,,,,,,,,2021-07-01,129.0,149.0,497.0,957.0,10.0,409.0,9.0,9.0,20.0,30.0,13.0,41.0,61.0
,,,,,,,,,,,,,,2021-07-02,107.0,187.0,478.0,1156.0,9.0,412.0,23.0,7.0,15.0,24.0,13.0,18.0,82.0
,,,,,,,,,,,,,,2021-07-03,134.0,229.0,501.0,968.0,13.0,373.0,20.0,12.0,18.0,25.0,17.0,36.0,61.0
,,,,,,,,,,,,,,2021-07-04,96.0,157.0,426.0,839.0,5.0,380.0,5.0,5.0,14.0,14.0,12.0,32.0,53.0
,,,,,,,,,,,,,,2021-07-05,88.0,173.0,343.0,784.0,6.0,339.0,15.0,6.0,6.0,19.0,7.0,42.0,40.0
,,,,,,,,,,,,,,2021-07-06,134.0,188.0,441.0,806.0,21.0,395.0,20.0,14.0,26.0,25.0,21.0,39.0,60.0
,,,,,,,,,,,,,,2021-07-07,120.0,214.0,430.0,817.0,12.0,455.0,19.0,18.0,17.0,24.0,19.0,37.0,42.0
,,,,,,,,,,,,,,2021-07-08,100.0,174.0,438.0,821.0,14.0,483.0,17.0,24.0,23.0,18.0,14.0,29.0,68.0
,,,,,,,,,,,,,,2021-07-09,101.0,200.0,421.0,1222.0,7.0,493.0,14.0,24.0,25.0,28.0,19.0,38.0,56.0
,,,,,,,,,,,,,,2021-07-10,113.0,164.0,445.0,1129.0,28.0,439.0,23.0,17.0,18.0,17.0,18.0,26.0,61.0
,,,,,,,,,,,,,,2021-07-11,105.0,121.0,332.0,744.0,12.0,369.0,10.0,7.0,7.0,28.0,14.0,35.0,62.0
,,,,,,,,,,,,,,2021-07-12,76.0,112.0,352.0,736.0,11.0,284.0,10.0,5.0,4.0,11.0,8.0,23.0,36.0
,,,,,,,,,,,,,,2021-07-13,99.0,176.0,370.0,822.0,13.0,399.0,24.0,30.0,11.0,20.0,14.0,29.0,63.0
,,,,,,,,,,,,,,2021-07-14,131.0,184.0,448.0,889.0,15.0,462.0,27.0,23.0,20.0,18.0,28.0,55.0,59.0
,,,,,,,,,,,,,,2021-07-15,95.0,189.0,488.0,1072.0,17.0,485.0,18.0,15.0,20.0,21.0,10.0,36.0,61.0
count,600.0,600.0,600.0,600.0,600.0,600.0,600.0,600.0,600.0,589.0,600.0,600.0,600.0,,,,,,,,,,,,,,
mean,0.0052770371967333,0.0043150597398387,0.0020928574536024,0.0070267644872773,8.407181338550729e-05,0.0036605124046064,0.0016861063263279,0.0011769308765615,0.0014994155449406,0.0037368889451487,0.0019447167740671,0.0017840991791477,0.0013425183552763,,,,,,,,,,,,,,
std,0.0651216247120199,0.0665714906718129,0.0420514898947367,0.1046244173656709,0.0691308259283289,0.0563274769251404,0.0691568792514173,0.0589478415529252,0.065506118873764,0.0795135704248339,0.0666914942319387,0.0588255277481448,0.072669527748234,,,,,,,,,,,,,,
min,-0.50363821847849,-0.5430839503105576,-0.46473017535485,-0.5151179318371257,-0.5042273872187035,-0.5507317441312178,-0.5435627187122685,-0.4490616421000784,-0.4656398073866798,-0.617243472794601,-0.4099505132224479,-0.5341960174975213,-0.5505025324881688,,,,,,,,,,,,,,
25%,-0.0253121374305279,-0.0203258912473276,-0.0145519988232654,-0.0230855781000985,-0.0215597380633659,-0.0194253441692433,-0.0261743416341339,-0.0238749835004405,-0.026242888284557,-0.0376470589867654,-0.0272348389610228,-0.0226317301127172,-0.0210191287121266,,,,,,,,,,,,,,
50%,0.0039831614705443,0.002290993289626,0.0016231500701167,-0.0007756656484656,0.0016315929525166,0.0046968304777554,0.0026676864534492,0.0018103420012973,0.0015751897225573,0.003378697825624,0.0028282096558492,0.0044558492187209,0.0015057947820252,,,,,,,,,,,,,,
75%,0.0343004529219768,0.0315565282838784,0.0193049899139206,0.0193713601958933,0.0240855503039706,0.031381903908767,0.0346736086492704,0.0281342814211309,0.0333201667659672,0.0453462143641338,0.0259795980148679,0.0319488074352289,0.0218349809806522,,,,,,,,,,,,,,
max,0.2794358434630134,0.5292178697542562,0.1718205618999597,1.3234694909814275,0.4395974901540018,0.2306952287472583,0.3191952974923286,0.2484338678565674,0.2530934824936803,0.2989214915746772,0.559183800784173,0.3449539448455985,0.4447556031820686,,,,,,,,,,,,,,
