Publish Date,ADA,BNB,BTC,DOGE,EOS,ETH,IOTA,LTC,NEO,VET,XLM,XMR,XRP
17/11/2019,0.096261905,-0.04432,0.100865438,0.130633333,0.14298,0.157805882,0.136581818,0.091983333,-0.3182,0.147216667,0.053661538,0.112357143,0.081983333
18/11/2019,0.101852174,0.0012875,0.073203922,0.310607692,0.093784375,0.1362625,0.14345,0.28412,0.172433333,0.0542,0.07381875,0.077333333,0.243075
19/11/2019,0.056241667,0.179883333,0.064483871,0.30526,0.2428125,0.188542105,0.400233333,0.429711111,0.233816667,0.277,0.151675,0.050369231,0.168066667
20/11/2019,0.1935625,0.0606,0.125954762,0.318122222,0.012380952,0.10145514,0.215175,0.0137,0.129471429,0.2272,0.196754545,0.03201875,0.151818182
21/11/2019,0.195530769,0.12269375,0.044318156,-0.027891667,0.056358621,0.079381739,0.006533333,0.250466667,0.278442857,0.101266667,0.077023077,-0.062931818,-0.006825
22/11/2019,0.1508,-0.13526,0.006371733,-0.008838462,0.108595,0.087681429,0.06106,0.010088889,0.088614286,0.1358,0.16184375,-0.095646154,0.013977778
23/11/2019,0.009973684,-0.3039,0.03465,0.22144,0.163609091,0.106377193,0.162575,0.1909,0.318366667,0.174325,-0.069675,0.038178261,0.01805
24/11/2019,-0.029107692,0.011616667,0.036617512,0.103453846,-0.00113,0.083191837,0.0364125,0.136711111,0,0.277885714,0.315225,-0.052448,0.0929
25/11/2019,0.122069565,0.130269231,0.062709649,0.20693,0.123672727,0.176154945,0.17065,0.269361538,0.227053846,0.141833333,0.019423077,0.020203226,0.097294872
26/11/2019,-0.06717,0.067085714,0.093817438,0.095428571,0.01678125,0.134052381,0.183064286,0.07675,0.226975,0.1368,0.134171429,-0.011086207,0.114445161
27/11/2019,0.111527778,0.03236,0.056092012,0.26529,0.112285185,0.118981731,0.0639,0.172211111,-0.290333333,0.127342857,-0.071645455,0.195484615,0.047095833
28/11/2019,0.064858333,0.119857143,0.079705682,0.1013,0.120217241,0.132288,0.25508,0.194514286,0.1551,0.25174,0.128269231,0.022155,0.10613913
29/11/2019,0.1366025,0.245,0.131489145,0.262328571,0.192593333,0.095092405,0.11454,0.12584,0.458828571,0.10665,0.119542857,0.188766667,0.094358824
30/11/2019,0.10785,0.10995,0.081905076,0.13558,0.04167619,0.08458871,-0.02608,0.081428571,0.107733333,0.128457143,-0.0168625,-0.020028947,0.10076875
01/12/2019,0.01602,0.078915385,0.080498131,-0.152933333,0.087753333,0.039219481,0.119833333,0.120428571,0.204133333,0.0701875,0,0.058721951,0.025544444
02/12/2019,-0.07873,0.045261538,0.108136478,0.0586125,0.039611111,0.154556627,0.262075,0.246955556,0.12498,0.086484211,-0.0168,0.043313158,0.191729167
03/12/2019,0.158627778,0.126223529,0.103108333,0.271344444,0.09928,0.135088136,0.09176,0.199421429,0.284733333,0.169792308,0.0840125,0.16403,0.005832143
04/12/2019,0.164330769,-0.017915385,0.070813929,0.232216667,0.117795238,0.101759804,0.31005,0.135269231,0,0.240855556,0.040190909,0.169959091,0.074571429
05/12/2019,0.102075,0.19578,0.084337868,0,0.147344444,0.128514173,0.13131,0.236816667,0.244133333,-0.01234375,0.0400625,0.096125,0.178446875
06/12/2019,0.07706,0.113333333,0.11096139,0.228463158,-0.140224138,0.107787387,0.04772,-0.088,0.127266667,0.103930769,0.038654545,0.071076923,0.157286207
07/12/2019,0.149844828,-0.05001,0.078036574,0.419364706,-0.018107692,0.105688732,0.00545,-0.080333333,0.16502,0.145133333,0.0093,0.091455556,0.063433333
08/12/2019,0.115509524,0.00691,0.073813706,0.4543875,0.2199125,0.171994366,0.45205,0.14542,0.3856,0.15424,0.0166,0.162025,0.11188125
09/12/2019,0.056952941,0.142722222,0.051108824,0.3571125,0.071017391,0.055152475,0.17986,-0.051425,0.2216,0.128723077,0.185033333,0.167415152,0.119583333
10/12/2019,0.022069565,0.094911111,0.142019858,0.203663636,0.061094444,0.055756391,0.251635714,0.23664,-0.1084,0.106522222,0.087754545,-0.0680625,0.216208
11/12/2019,0.023978788,-0.090166667,0.097816794,0.088273333,0.051774074,0.103083036,0.066888889,0.200425,-0.011666667,0,0.031825,0.075188462,0.022331034
12/12/2019,0.128157895,0.1140625,0.091529119,0.17618,0.010808,0.135585859,0.146914286,0.297666667,0.22875,0.003783333,0.138344444,0.211695,-0.014636364
13/12/2019,0.149018182,-0.032,0.117005314,0.311941667,0.053492,0.08505119,0.133966667,0.23364,0.12765,-0.0817,0.20644,0.0401,0.062638095
14/12/2019,0.112476923,0.148228571,0.113646486,0.159025,0.064977778,0.034377612,0.1526,0.134733333,0.1647,0.252690909,-0.009,0.068375,0.141036364
15/12/2019,0.002315,0.062575,0.049873333,-0.08688,-0.151054545,0.105018644,-0.111075,-0.133966667,0,0.39225,-0.082633333,0.100895455,0.16021
16/12/2019,0.128396774,0.2574,0.059960072,0.0387,0.115142105,0.122990265,0.105133333,-0.2132,0.10682,0.2713,0.105183333,0.140342857,-0.01386
17/12/2019,0.088695652,0.102777778,0.085814748,0.196788889,0.181684615,0.116241584,0.143125,0.21491,0.522033333,-0.11157,0.05685,0.1182,-0.01328
18/12/2019,0.082412698,0.108857143,0.049399644,0.138692857,0.057595455,0.078201695,-0.010188235,0.0361,0.18925,0.31895,0.112506667,-0.088027778,0.11455
19/12/2019,0.083577778,0.166028571,0.085949237,0.0576,0.095331579,0.119980667,0.147473333,0.042711111,0.5272,0.159891667,0.277383333,-0.012928125,0.040741935
20/12/2019,0.055061538,0.1231625,0.05546157,0.067292857,0.159546667,0.096271951,0.276657143,0.09545,0.47542,0.0778,-0.063075,0.274927778,0.2064275
21/12/2019,0.065424138,0.191925,0.095224,-0.06528,0.321842857,0.075304839,0.164944444,0.084425,0.6369,0,0.15488,0.037323077,0.200723077
22/12/2019,0.144072973,0.2553,0.128015029,0.206775,-0.034936364,0.0685,0.089875,-0.071583333,0.389044444,0.13381,0.145885714,0.14674,0.034378571
23/12/2019,-0.025139394,0.115554545,0.062352632,0.438188889,0.24138,0.181089189,0.29036,0.09488,0.012866667,0.1909,0,-0.044283333,0.062268182
24/12/2019,0.194713333,0,0.068619903,0.3042,0.148890909,0.15259,0,0.19894,0.3289,0.096333333,0.0903,0.137944444,0.062323077
25/12/2019,0.173194118,0.185475,0.107291026,0.054122222,0.082083333,0.10684,-0.000825,0,0.1672,0.262466667,0.049475,0.16557,0.297127273
26/12/2019,0.075683333,0.116954545,0.104972637,0.28225,0.054209524,0.021614286,-0.07695,-0.022318182,0,0.1759,0.026416667,-0.013670588,-0.007361905
27/12/2019,0.168530303,0.0288,0.058383246,0.077214286,0.17325,-0.018898571,0.113333333,-0.025266667,0.381753846,-0.036025,0.020225,0.004871429,0.096805263
28/12/2019,0.097944444,0.292566667,0.071183721,0.284686364,0.177092308,0.046290244,0.11692,-0.0172,0.3138,0.08808,0.07725,-0.020627778,0.0404
29/12/2019,0.094081481,0.01032,0.126271605,0.122541667,0.126676,0.080842857,0.0027625,0.088166667,0.41404,0.190628571,0.20472,0.037421429,0.003316667
30/12/2019,-0.002872727,-0.0423,0.09479693,0.12038,0.1815,0.09272541,0.0875,0.14823,0.100475,-0.02881,-0.068222222,0.157075,0.130171429
31/12/2019,-0.027744828,0.099285714,0.098974468,0.171692857,0.124945455,0.036747059,0.328042857,0.0764875,0.3746625,0.02275,0.05884,-0.1148125,0.005164706
01/01/2020,0.1213,0.05614,0.109341718,0.252838462,0.0722875,0.101574074,0.069114286,0.2072,0.446581818,-0.175566667,0.04766,-0.136278571,0.170586667
02/01/2020,0.068944118,0.204975,0.10279875,0.21988,0.071652632,0.032801754,0.199742857,0.152933333,0.405409091,0.096414286,0.157833333,0.104841667,0.209710345
03/01/2020,0.104117857,0.046542857,0.056357721,0.2156875,0.09,0.119632955,0.11975,0.34192,0.5135,0.0882,0.0784,0.009715385,0.091557143
04/01/2020,0.027092308,0.1052875,0.071967234,0.146088235,0.17813125,0.005684091,0.14965,0.00735,0.373527273,0.08895,0.198123077,0.08762,-0.064821429
05/01/2020,0.1238475,0.267933333,0.147078222,-0.03785,0.3781,0.042086585,0.15228,0.16945,0.3497,0,0.088814286,0.030183333,0.141377778
06/01/2020,0.002847059,0.091275,0.081649576,0.107693333,0.2647,0.120525676,0.094583333,0.25476,-0.05175,0.102341667,0.073954545,0.075525806,0.089955102
07/01/2020,-0.01878,0.125425,0.056415411,0.022394118,0.130192308,0.104226667,0.065322222,0.163571429,0.425516667,0.30914,0.201114286,0.050652632,-0.014361905
08/01/2020,0.148318519,0.069325,0.081606325,0.340333333,0.208578571,0.078634545,0.102711111,0.29328,0.443025,0.2653,0.010527273,0.159923077,-0.045566667
09/01/2020,-0.004095238,-0.0169,0.089512919,0.1772,0.126104762,0.086321656,0.1081,0,0.114516,0.1355,0.001235294,0.121526316,0.103503704
10/01/2020,0.095966667,-0.006727273,0.074202991,0.119515,0.0813625,0.092199296,0.076466667,0.2123,0.101171429,0.022477778,0.180909091,0.05609,-0.026476471
11/01/2020,-0.047452941,-0.095316667,0.082560674,0.13392,0.183072727,0.064633645,0.1204,0.13392,0.51484,0.27605,0,0.022036842,-0.051306667
12/01/2020,0.108921053,0.213666667,0.07875419,0.0516,0.225146667,0.071615447,0.4727,0.25006,0.361411765,-0.0174,0.0694,-0.11924,0.05665
13/01/2020,0.148792857,0.088918182,0.068185141,0.222847059,0.078080952,0.114545685,0,0.14266,0.338825,-0.0107875,0.083122222,-0.014652941,0.14335
14/01/2020,0.032227778,0.155214286,0.058590909,-0.079766667,0.051585,-0.005775429,-0.065025,0.047825,0.257777273,0.3009,-0.089269231,0.022042857,0.058489655
15/01/2020,0.09944,0.049316667,0.07129827,0.062325,0.123247368,-0.023891623,0.016,-0.012433333,0.4394,0.131022222,0.2346375,0.0766,0.03882963
16/01/2020,0.1269,0.0169,0.097695985,0.198941176,0.083323077,-0.034230178,-0.073992308,0.10645,0,0.286828571,-0.03303,0.009605556,0.178441176
17/01/2020,0.139269565,-0.01985,0.081836491,0.00275,0.217952941,-0.056820645,0.154457143,0.334214286,0.456392308,0.050566667,0.103693333,-0.014452941,0.091933333
18/01/2020,0.293691667,0.016416667,0.105050739,0.234847368,-0.019427273,-0.067111511,0,0.223933333,0.393809091,0.0851,0.080622222,0.081829412,0.25136
19/01/2020,0.111386667,0.0206625,0.08359736,0.249652632,-0.04376,-0.097902703,0.140827273,0.20095,0.346585714,0.233433333,-0.0500375,-0.095447619,0.0574
20/01/2020,0.183090476,0.09014,0.105100465,0.317141667,-0.000919048,0.030498276,0.104114286,0.22395,0.152933333,0,0.0781125,0.101366667,0.02186
21/01/2020,0.0939625,-0.03327,0.082752941,0.35549375,0.101033333,0.092506329,0.10658,0.0739625,0.463515385,0.2615,0.2314,0.047970833,0.017488
22/01/2020,0.114706667,0.158409091,0.097527755,0.31235,0.223966667,0.113245342,0.173666667,0.058233333,0.294125,0.324716667,0.20526,-0.015822727,-0.002325
23/01/2020,0.203309091,0.183830769,0.066928223,0.078525,-0.006871429,0.071370833,0.184588889,0.1767,0.2122,0.197566667,0.0951875,0.077205263,-0.01212069
24/01/2020,0.165095833,0.141933333,0.076990253,0.18657,0.098953846,0.058894483,0.1488125,0.18562,0.1833,0.1127,0.0252875,0.194017647,0.017818421
25/01/2020,0.126495238,0,0.064999576,0.13932,0.189608333,0.041975893,0.1510125,0.177525,0.351622222,0,0,-0.018409091,0.071827273
26/01/2020,0.004109091,-0.1693625,0.037967347,0.258166667,-0.02626875,0.070354545,0.0333,0.5719,0.0193,-0.05135,0,-0.008566667,0.047392857
27/01/2020,0.082038462,0.162542857,0.109736242,0.1625875,0.32822,0.069702367,0.156263636,0.169783333,0.268705556,0.099716667,0.0731,0.100657143,0.01209
28/01/2020,0.114443478,0.04595,0.042734409,0.213085714,0.170875,0.077587429,0.060444444,0.031333333,0.5946,0.159225,0.130383333,0.1365,0.111880769
29/01/2020,0.118489286,0.244735,0.107153191,0.173093333,0.140488571,0.087242604,0.14542,-0.018285714,0.30649,-0.023982353,0.033225,0.195994444,0.033504762
30/01/2020,0.075159091,0.064452941,0.07904428,-0.0684,0.141533333,0.094138889,-0.01042,0.2569,0.379364286,0.12615,-0.067271429,0.1142,0.114808
31/01/2020,0.049651852,-0.1733,0.070028846,0.019894737,0.159957143,0.120889048,0.1999,0.1899125,0.432291304,0.223075,0.0472,0.257578571,0.068814815
01/02/2020,0.08533,0.032,0.052117895,0.037378571,0.085772727,0.082302632,0.161833333,0.293625,-0.01496,0.1463,0,0.11962,0.092053846
02/02/2020,0.121304545,0.001077778,0.112333482,0.245033333,0.06965,0.040890674,-0.002445455,0.0633625,0.206533333,0,0,0.102730435,-0.087015385
03/02/2020,0.068608333,0.039571429,0.08495451,0.210521429,0.149268,0.05269622,0.01256875,0.163833333,0.07636,0.223416667,0.249908333,-0.072144444,0.053970833
04/02/2020,0.088527273,0.073114286,0.104446759,0.029776923,0.2208,0.043321304,-0.004164286,0.239114286,0.378825,-0.057214286,-0.153383333,-0.0065,0.054305
05/02/2020,0.038161905,-0.035829412,0.105231864,0.068075,0.175066667,0.079176571,0.079638889,0.13045,0.61308,0.119371429,0.2432625,0.114108696,0.021878125
06/02/2020,0.179093103,0.117815385,0.097927891,0.18317,0.16771875,0.06272459,0.082505556,0.176988889,0.08234,0.266025,0.152673333,0.073372222,0.046510811
07/02/2020,0.029524,-0.031808,0.148688561,0.17058,0.174709091,0.109260515,0.038771429,-0.093633333,0.34533,0.057833333,0,0.059264706,-0.041094595
08/02/2020,0.0648,-0.089935714,0.043852655,0.066464516,0.176953333,0.047470238,0.111407143,-0.138442857,0.128075,0.090383333,-0.2473,0.173452,-0.063520833
09/02/2020,0.052026667,0.067433333,0.094079811,0.106545161,0.144292857,0.091595954,0.09719,-0.077969231,0.37053,0.08038,-0.08038,-0.071653333,0.138960714
10/02/2020,0.042106061,0.082891667,0.060410545,0.229496154,0.028866667,0.091420833,-0.0658375,0.281305,0.175075,0,0.26739,0.064073913,0.094680952
11/02/2020,0.096103846,0.113479167,0.096286288,0.235033333,0.067668182,0.077226531,0.082164286,0.07201,0.364984211,0.2176875,0.119583333,0.15403913,0.084630769
12/02/2020,0.154110714,-0.0655625,0.107125,0.17006875,0.131837037,0.070838389,-0.021258333,0.025863636,0.1945,0.156609091,0.131836364,0.088484615,0.125480556
13/02/2020,0.067195833,-0.053762069,0.083462766,0.204892308,0.145727778,0.050303704,-0.143905,0.133466667,0.3549,0.13808125,0,0.094546429,-0.009331481
14/02/2020,0.154357895,0.12632,0.056078276,0.205761111,0.107194118,0.100118539,-0.019877778,0.159225,0,0.1119,0,0.002069231,0.14417931
15/02/2020,0.184652174,-0.101975,0.114681301,0.134011111,0.059861538,0.031343137,-0.15745,0.16662,0.1702,0.02531,0.100035294,-0.0326,0.179832
16/02/2020,0.073326087,-0.137383333,0.079865541,0.076571429,0.128952941,-0.163917557,0.047361111,-0.078575,0.2387,0.067957143,0.1318125,-0.015933333,-0.025465217
17/02/2020,0.173986364,-0.063875,0.076182934,0.167509524,0.084085,-0.040758095,0.071792,0.149044444,0.251421429,0.07419,0.012838462,0.090954545,0.090228125
18/02/2020,0.06779,0.00705,0.082213968,0.029653333,-0.048330769,-0.072412919,0.063633333,0.177514286,0.170588235,0.114469231,0.1085,0.047084615,0.143480952
19/02/2020,0.209667857,-0.002281481,0.071328188,0.145252632,0.1692,-0.039671429,0.007,0.1418125,0.218308333,0.103814286,0.224469231,-0.006316667,0.078585294
20/02/2020,0.160997059,0.069952381,0.071067905,0.100535,0.0732875,-0.056145198,0.17299,0.369975,0.472018182,0.413554545,0.071706667,0.0551875,0.013958065
21/02/2020,0.014784,0.003741176,0.076353498,0.374477778,0.09041,-0.05774949,-0.123905882,0.12952,-0.09534,0.2338,0.258663636,0.037028571,0.10426875
22/02/2020,0.106975,-0.1484,0.051657921,0.046383333,-0.00145,-0.070943571,0.13414,0.07204,0.539533333,0.3238,0.09625,0.054561538,-0.042645455
23/02/2020,0.226825,-0.1975,0.067240465,0.135576471,-0.01868,-0.187016216,0.049485714,0.265225,0.32685,0,0.042666667,0.07238125,0.034257143
24/02/2020,-0.033005263,-0.025346154,0.067549206,0.181,0.072176923,-0.101198246,0.041115385,0.146371429,0.1574,0.191884615,0,0.14935,-0.044056522
25/02/2020,0.029527586,0.201322222,0.091921014,0.0997,-0.00339375,-0.031008523,0.033125,-0.0574,0.35977,0.01951,-0.004777778,0.034453333,0.169325
26/02/2020,0.061721429,-0.00411875,0.035512422,-0.040433333,0.249088889,-0.065432544,-0.05994,0.198766667,0.32704,0.29056,0.27243,0.074770588,0.074513889
27/02/2020,0.046338462,0.03437,0.089731313,0.210015385,0.116986667,-0.042867516,-0.046021429,0.171652381,0.365533333,0.193790909,0.0282875,0.076685714,0.075175
28/02/2020,0.10267619,0.009353846,0.098032759,0.119081818,0.063858824,-0.095297931,-0.002866667,0.2646,0.286584615,0.092366667,-0.006425,-0.035,0.085352632
29/02/2020,0.092727273,0.24315,0.052683636,0.15185,0.121821429,-0.168138462,0.017507143,0.177354545,0.292672727,0.218209091,0.027473333,0.083909091,0.184758333
01/03/2020,0.069225,0.163866667,0.029171569,0.272354545,0.0154125,-0.173694681,0.08343,0,0.339633333,0,-0.0307,0.048285714,0.011958333
02/03/2020,0.021454545,-0.0329,0.03462179,0.1146,0.021335,-0.119005882,0.117066667,-0.0413,0.3121,-0.020071429,0,-0.00311,0.104613043
03/03/2020,0.085272414,0.08125,0.085228782,0.261125,0.137335714,-0.024155714,0.404033333,0.035242857,0.099155556,0,0.159183333,-0.026465217,0.036064
04/03/2020,0.023918182,-0.089620833,0.043012937,0.12194,0.070733333,-0.05898871,0.266244444,-0.065275,0.28552,0.183457143,-0.22226,-0.086255556,0.033466667
05/03/2020,0.069905263,0.090253846,0.117100344,0.146166667,0.121782353,0.037440104,0.005175,0.100588889,0.080783333,0.19336,0.10742,0.00618,0.130822222
06/03/2020,0.030755,0.125973684,0.11527235,0.038863158,0.1975,0.080808108,0.00332,0.233575,0.270288,0.415233333,-0.2929,0.017669231,0.287646154
07/03/2020,0.01416,-0.028583333,0.082239901,0.168071429,0.05212,0.093156,0.117290909,0.0662625,0,0.3753,0.033716667,0.01826875,0.238018182
08/03/2020,0.17815,0.1971,0.121862326,0.143758333,0.078271429,0.06842619,0.05607,0.240375,0.169510526,0,0.2179,0.065114286,0.20945
09/03/2020,0.050544444,-0.01445625,0.035128881,0.066378947,0.14449375,0.061239264,-0.076822222,0.109385714,-0.421883333,0.140463636,0.08038,0.026526667,0.015
10/03/2020,0.12595,-0.060935,0.017475849,0.154686667,0.140722222,0.085249718,0.097413636,0.1972875,0.19736,0.0683,0.32152,-0.017684615,0.148473684
11/03/2020,0.058694737,0.137755556,0.075034496,0.21391875,0.202744444,0.068022513,0.107226667,0.126811111,0.40477,0.04595,0.159183333,0.027707143,0.07155
12/03/2020,0.012465217,-0.024311111,0.01661755,0.115215385,0.169215789,0.017795238,0.175945455,0.029425,-0.128307143,0,0.105375,0.135636364,0.218626316
13/03/2020,0.14075,-0.044553846,0.00805252,-0.076905556,0.08223,-0.012382386,0.035921429,0.08325,0,0.12765,0.055666667,0.161107143,0.039011765
14/03/2020,0.166006667,0.1643625,0.091246823,0.08009375,0.315675,0.0815952,0.224716667,0.44506,0.097828571,0,0.30672,0.0047,0.129285714
15/03/2020,0.133175,0.14807,0.025762963,0.150472727,-0.034016667,0.073937719,0.03093,-0.10005,0.233825,-0.0211,0,0.069761538,0.07885
16/03/2020,0.023641176,-0.020572727,0.014868941,0.12028,-0.009627273,0.008963855,0.01386,0.1541,0.293994444,0.144725,0,0.118416,0.06321
17/03/2020,0.042440909,0.127166667,0.043497959,0.2000875,0.126445455,0.04196236,0.09838,0.204228571,0.17742,0.053033333,0.0569,0.046766667,-0.047792308
18/03/2020,0.01642381,0.08853,0.074252366,0.05915,0.025028571,0.045133918,-0.132733333,0.26383,0.39432,0.068475,0.140822222,0.129089474,0.05675
19/03/2020,0.207629412,0.089407692,0.045403866,0.182131818,0.09733125,0.072203,-0.124985714,0.2297,0.2929,0.098641667,0.3446,0.323422727,0.163203704
20/03/2020,0.052617391,0.001384211,0.053087382,0.152,-0.00046875,0.03054863,0.15964,-0.01336,0.06422,0.120853846,-0.045857143,0.00172381,0.05896
21/03/2020,0.204083333,0.050511111,0.022100766,0.143371429,-0.09507,0.048085185,0.04725,-0.115214286,0.480611111,0.0929,-0.2496,0.05273,0.070633333
22/03/2020,0.003258333,0.134242857,0.062218257,0.185390909,0.109188889,0.025431731,0.0211125,0.03102,0.135907692,0,0.06364,0.0828125,0.084958333
23/03/2020,0.114238095,0.137575,0.079935943,0.218952941,0.122085714,0.063025309,0.1468,0.110481818,-0.2331,0.139633333,0.16445,0.161754545,0.123278947
24/03/2020,-0.05323,0.073496154,0.084209357,0.029829412,0.201281818,0.068667857,0,0.14605,0.136714286,0.309775,-0.0719,0.161936364,0.188588571
25/03/2020,0.113245833,0.21876,0.081541411,0.199121053,0.126573684,0.038634682,0.022983333,-0.006325,0.161535714,0.14415,0.38151,0.045930435,-0.0524
26/03/2020,0.1383,0.147353333,0.042933824,0.176232,0.0264,0.102408667,0.002433333,-0.027792857,0.17011875,0,0.135083333,-0.100894737,-0.020396
27/03/2020,0.104585714,0.0222375,0.043905882,0.202715385,0.073114286,0.104300667,0.161566667,0.195533333,0.654275,0.128475,0.21602,0.090258333,-0.144417391
28/03/2020,0.03521,-0.016983333,0.034030204,0.1877,0.3994,0.042892373,0,0.13958,0.319125,0.08038,0,0.103769231,-0.013686364
29/03/2020,0.070208333,-0.0969,0.051483756,-0.069866667,0.10715,-0.015985567,0.00755,0.364725,0.336566667,0.054825,0.135528571,0.1033,-0.101952632
30/03/2020,0.066513636,-0.144181818,0.07010036,0.228813889,0.007533333,0.100543038,0.217722222,0.2645375,0.221518182,0.169266667,0.174333333,0.161290909,-0.048566667
31/03/2020,0.075073077,0.042014286,0.057129965,0.039037037,0.054885714,0.054664171,0.1295,0.177275,0.400973333,-0.055109091,0.171911111,0.02564375,0.150779167
01/04/2020,0.076944828,0.167284211,0.078139527,0.054292,0.1174,0.055499401,0.2202,0.344975,0.2976,-0.0168,0,0.028158333,-0.053146154
02/04/2020,0.059291304,0.1064875,0.113518113,0.0779,0.053022222,0.064514607,0.162025,0.2078375,0.41954,0.042742857,0.079457143,0.10757,0.154946154
03/04/2020,0.164784211,0.222528571,0.088470079,0.094644444,0.271475,0.043289542,0.055175,0.167625,0.320016667,0.0776,0.039042857,0.164723077,0.172192308
04/04/2020,0.23945,0.089090909,0.065043519,-0.016894118,-0.049,0.046494531,0.0401,0.0337,0.414428571,0,0.0851,0.167208,0.140233333
05/04/2020,0.01960625,0.050190909,0.058725359,0.189388235,-0.034909091,0.110024576,0.062275,0.2196,0.23304,0.239014286,0,0.089883333,-0.041830769
06/04/2020,0.095342105,-0.093455556,0.073009594,0.002983333,0.098853846,0.062674534,0.08995,-0.05172,0.39766,0.180366667,0.10755,-0.00989,0.099358333
07/04/2020,0.146607692,0.144553846,0.076969549,0.06016,0.242530435,0.061686452,0.132883333,0.166166667,0.305895238,0.1812375,-0.0112875,0.222670588,0.017910526
08/04/2020,0.098674074,-0.029753846,0.065592771,0.252761905,0.16681875,0.083967232,0.08038,0.176183333,0.096925,0.093363636,0.099622222,-0.00665,0.197804762
09/04/2020,0.051473077,0.173809091,0.041231329,0.107741176,0.206373333,0.054191304,0.021333333,0.006,0.1184,0.158358333,0.157086667,-0.022273684,0.099356522
10/04/2020,0.025161538,0.061915789,0.089326936,0.081178261,0.160917647,0.058134375,-0.145844444,0.30164,0.33205,0.177954545,-0.021785714,0.062771429,0.200544828
11/04/2020,0.172115385,-0.04323125,0.111519184,0.298191667,0.207391667,0.081333019,0.06855,0,-0.0345,0.1928125,0.091757143,0.028933333,0.15929375
12/04/2020,-0.02151875,0.1469,0.070646602,0.225180952,0.088085714,0.033054,0.111175,0.17,0.2202,0,-0.0206,0.0906,0.214063636
13/04/2020,-0.119685714,0.05886,0.078111786,0.055990909,0.239918182,0.089236486,0.0619,0.400533333,0.08808,0.10615,0.177263636,0.0565625,0.129736364
14/04/2020,-0.027761538,0.068055556,0.076254354,0.05706875,0.264833333,0.077442857,-0.23836,0.214288889,0.074057143,-0.100475,0.1337375,0.106872727,0.182536842
15/04/2020,0.174727778,0.054642308,0.060216327,0.08466,0.199018182,0.066043353,-0.0915,0.068171429,-0.019944444,0.242241667,0.178583333,0.067334615,0.104445161
16/04/2020,0.119235,-0.138126087,0.092199683,0.153132143,0.051313333,0.112444737,0.047133333,-0.085483333,0.208844444,0.085,0.089091667,0.169809677,-0.047434483
17/04/2020,0.139019231,0.089021739,0.072321104,0.259653846,0.25009,0.071,-0.0928,-0.127266667,0.0679,0.24334,-0.0156,0.128525,0.0513
18/04/2020,0.1267,0.01408,0.100139194,0.213008333,0.10195,0.070104636,0.1335,0.29018,-0.064133333,0.1405,0.192357143,0.201518519,0.033793333
19/04/2020,0.041023529,0.142377778,0.074779348,0.087315789,0.280377778,-0.018525175,0.13804,0,-0.074,-0.019028571,-0.004957143,0.197628571,0.024627273
20/04/2020,0.04485625,-0.00501,0.085475529,0.230011765,-0.05719,0.019006395,0.0037,0.162885714,0.20095,0.0924625,-0.010528571,0.167842857,0.198354545
21/04/2020,0.146188235,0.168353846,0.072795189,0.213855,0.026961905,0.00902602,0.062557143,0.2187,0.254255556,-0.03518,0.0999,0.1478375,-0.080097297
22/04/2020,0.052084211,0.032281818,0.054736964,-0.04256,0.11805,0.081939572,0,0.24866,0.139192308,0.15554,0.24344,0.007336364,-0.060373333
23/04/2020,0.122891304,-0.065553846,0.097251462,0.00417,0.2449,0.01024586,0.1388,-0.0193,0.383157143,0.161936364,0.1608,0.127616667,0.05
24/04/2020,0.068745946,-0.0239375,0.072057239,0.24812,0.119385714,0.090725882,0.02184,0.284957143,0.027175,0.208875,0.238833333,-0.01599375,0.071052941
25/04/2020,0.14729,0.05049,0.092618824,0.22785,0.03404,0.065229851,0,0.2023,0.145885714,0.151475,0.0541125,-0.045345,0.201004545
26/04/2020,0.077586364,0.0449375,0.060101205,0.086232,0.106777778,0.032825439,0.1023375,-0.004,0.11780625,0.443675,-0.046485714,-0.01194,0.000528571
27/04/2020,0.039664286,-0.023180952,0.087323024,0.151816,-0.0212,0.045492727,0.032328571,0.13018,0.16635,0.171328571,7.27E-05,0.111941667,0.014154167
28/04/2020,0.124409524,-0.014935294,0.08834613,0.125369565,-0.006446667,0.070641969,0.07484,0.260930769,0.030990909,-0.0162375,0.009033333,-0.028804348,0.140568966
29/04/2020,0.027254167,0.014303704,0.062875248,0.128577778,0.219215789,0.09643432,-0.023914286,0.356366667,-0.0207,0.0960375,0.136558333,0.002695,-0.049657143
30/04/2020,0.095644828,0.062251724,0.05992854,0.095030769,0.271323077,0.086329545,0.081313333,0.10495,0.243433333,0.208166667,0.058953846,0.116435714,0.068462963
01/05/2020,0.068366667,0.265157143,0.068189381,0.131788889,0.130595,0.066177241,0.159685714,0.0554,-0.05428,0.247366667,0.12045,0.07275,0.09606
02/05/2020,0.146895238,0.009765625,0.048315126,0.088509524,0.222275,0.074505556,0.417857143,0.1702,0,0,0.01469,0.064758824,0.108032143
03/05/2020,0.023782143,0.0091,0.067456173,0.252842308,0.313190909,0.058130097,0.02694,0.324964286,0.26935,0,-0.066983333,0.119931818,0.080305
04/05/2020,-0.039517647,-0.078757143,0.064327378,0.142961111,-0.073253333,0.047911111,0.0707,0.21495,0.1918,0.084571429,0.06364,-0.02677,0.0567
05/05/2020,0.128705,0.030588235,0.086645682,0.125573684,0.221593333,0.069663636,0.01282,0.2431,0.351425,0.103433333,0.041244444,0.100215789,-0.01142069
06/05/2020,0.1447,0.003493333,0.062007008,0.141689474,0.0077375,0.094745946,0.164318182,0.125575,0.15188,0.028558333,0.183113333,0.012747619,0.118760714
07/05/2020,0.053286207,0.097294737,0.097926694,0.249431034,0.05835,0.087210615,0.0484,0.5142,0,0.157490909,0.0967,0.188623529,0.11062
08/05/2020,0.137666667,-0.086047368,0.047556121,0.210545,0.098925,0.079891908,0.173016667,0.066185714,0.345133333,0.206526667,0.12707,0.23464,-0.019617647
09/05/2020,0.03614375,0.048330769,0.085234311,0.137788889,0.232014286,0.043061538,0.13855,0,0.459966667,0.058342857,0,0.070952381,0.109035294
10/05/2020,0.223978571,-0.033758333,0.0267332,0.114039286,0.144269231,0.035604724,0.145588889,0.24786,0.332966667,0,0.098685714,0.17767,0.054958333
11/05/2020,0.038739286,-0.026506667,0.094864919,0.226977778,0.1251,0.101555488,0.186275,-0.138109091,0.32216,-0.012833333,0.115291667,0.027175,0.196561538
12/05/2020,0.08883125,0.075651613,0.073229259,0.154452632,0.053036364,0.041564103,0.17646,0.071616667,0.044655556,0.21526,0.075644444,0.086017241,0.040337037
13/05/2020,0.0727,0.024345455,0.059445602,0.09447619,0.058466667,0.065482278,0.025842857,0.0410375,0.113333333,0.234666667,0.115428571,0.007713043,0.053195122
14/05/2020,0.15686,0.011335,0.063446154,0.133996,0.126153333,0.066359259,0.074555556,0.057414286,0.00545,0.28655,0.007633333,0.0072125,0.050671429
15/05/2020,0.27849375,0.089906667,0.052688276,0.210134286,0.07385,0.070774566,0.157282353,0.363266667,0.235375,0.045825,0.111644444,0.047075,0.027839286
16/05/2020,0.112865517,0.027616667,0.059548021,0.217438889,0.081941667,0.094384874,0.098157143,0.086314286,0.394766667,0.125715385,0.0673875,-0.060508696,0.131733333
17/05/2020,0.0829,0.020572222,0.04692931,0.042995455,0.248252941,-0.007006107,0.12654,0,0.103966667,0.1509375,0,-0.032355172,0.110817857
18/05/2020,0.09844375,-0.088733333,0.072546565,0.18461,0.0565875,0.084133679,0.18342,0.133188889,0.100475,0.1011,0.126011111,0.044044444,0.049942857
19/05/2020,0.0736125,0.054875,0.098994823,0.292166667,0.0155625,0.076,-0.029369231,0.062472727,0,0.071857143,0.10141875,0.096176471,0.072577778
20/05/2020,0.147147368,-0.025725,0.050085106,0.276417391,0.129108,0.087679798,0.251616667,0.205207143,0.09418,0.069753333,0.0398,0.018581481,0.07545
21/05/2020,0.18966,0.08086875,0.030776378,0.000909091,0.071672222,0.056533816,0.18224,0.03182,0,0.043316667,0.12084,0.039605556,0.145302857
22/05/2020,0.106674074,0.105095652,0.110086433,0.346468182,0.209322727,0.077232836,0.0699625,0.156411111,0,0.15343,0.21361,0.142695238,0.075475
23/05/2020,0.183741667,0.020241667,0.053543293,0.148914286,0.23855,0.03638843,0,0.013,0,0.1424875,-0.12765,0.002551852,0.125904167
24/05/2020,0.038226316,0.095495455,0.070087291,0.175494444,0.1222375,0.048518605,0.321814286,0.131525,0.2683,0.12335,0.247314286,0.20485,0.115416667
25/05/2020,0.063672727,0.006921053,0.036549198,0.330282353,0.00214375,0.089721547,0.177216667,0.179588889,0.131588889,0.19448,0.09176,0.164916667,0.165541667
26/05/2020,0.02944,0.035355556,0.084366138,0.1482,0.123783333,0.068415873,0.10023125,0.305233333,0,0.32662,0.08695,0.089221429,0.107916
27/05/2020,0.11466,-0.020833333,0.080523585,0.138614286,-0.044342857,0.054876271,0.12765,0.3182,0.07636,0,0.08595,-0.037833333,0.102932353
28/05/2020,0.1753,0.097507143,0.104534872,0.23843125,0.166657895,0.062774879,-0.015458333,0.459283333,0.386016667,0.03382,0.090946154,-0.020842857,0.089755556
29/05/2020,0.044072881,-0.018594737,0.057283333,0.11415625,0.10251875,0.033073333,0,0.125918182,0.21475,0.154318182,0.0851,0.015044,-0.123605263
30/05/2020,0.126140741,0.007927273,0.094587764,0.172178571,0.1678,0.065492188,-0.025375,0.249525,0,0.15079,-0.01032,0.07647619,0.070663636
31/05/2020,0.097159091,-0.063027586,0.108301327,0.1966,-0.002190909,0.045129605,0.272233333,0.2370125,0.2079,0.14165,0.0815875,0.10604,0.069255556
01/06/2020,0.0696,0.015963158,0.11407732,0.16065,0.15645,0.047566842,0.337022222,0.119014286,0.0984625,0.106484615,0.067261538,0.2067,0.087492857
02/06/2020,0.087959091,-0.148886667,0.049165011,0.18265,0.239021053,0.081857396,-0.09534,0.03985,0.29855625,0.094958333,-0.013693333,0.26806,0.187966667
03/06/2020,0.067907143,0.199241667,0.039611873,0.026793333,0.184552632,0.086057692,-0.015333333,0.208383333,0.2062,0.134309091,0.3647125,0.033957143,0.119626923
04/06/2020,0.216074359,-0.1987,0.058059697,0.183435,0.08038,0.084059109,-0.049825,0.2213,0.2997,0.21341,0.091475,0.103566667,0.009503704
05/06/2020,0.097,0.067944444,0.07077563,0.111847619,0.15835,0.043211682,0.056172727,0.121885714,0.12619,0.103654545,0.137025,0.026105556,0.048092857
06/06/2020,0.015528571,-0.026235714,0.092020863,0.060328571,-0.084453846,0.068078182,0.123325,0.113333333,0.1186,0.0222375,0.366857143,-0.011271429,0.028421739
07/06/2020,0.12457037,0.077015385,0.06344507,0.10869,0.160947059,0.034675385,-0.076425,0.456466667,0,0.195857143,0.0683,0.019225,0.016818182
08/06/2020,0.0002,-0.01903125,0.075595146,0.257834615,0.188421053,0.052165497,0.153857143,0.267771429,0.105375,0.3163,0.007115385,0.039004545,0.129082609
09/06/2020,0.117245946,0.011914286,0.066029714,0.234258824,0.085170588,0.079819672,0.113571429,0.206088889,0.228125,0.06132,0.1801,0.019488235,0.192664706
10/06/2020,0.12427931,0.057535294,0.092068306,0.121344,0.2803,0.101145745,0.398914286,0,-0.014985714,0.241407692,0.031088889,-0.05481875,-0.039959459
11/06/2020,-0.0017125,0.08095,0.045884573,0.156830233,0.02415,0.069219487,-0.02066,0.097035714,0.1806,0.139005263,0.202733333,0.1396,-0.014585714
12/06/2020,0.065493939,0.044792857,0.06079115,0.109266667,0.0429875,0.077150588,-0.095209091,0.27105,0.2729625,0.1196,0,0.051215789,0.092915625
13/06/2020,0.095323333,0.096666667,0.021698535,0.185959091,0.265381818,0.02539187,0.064154545,0.3621,0.096733333,0.12988,0.0043,-0.0586125,-0.15593
14/06/2020,0.072725,-0.079942105,0.074056981,0.107633333,0.125747619,0.064369027,0.0849,0.126375,0.177064286,0,-0.090914286,0.124385,0.08235
15/06/2020,0.06226087,0.1276,0.043590685,0.131127273,0.004141667,0.033774242,0.2885,-0.003464286,0.3208,0.129144444,0.1097,0.010478947,0.020331579
16/06/2020,0.116703704,0.030671429,0.055208232,0.311312,0.006155556,0.067935981,0.064,0,0.211328571,0.123509091,0.3103,0.13044,0.115313636
17/06/2020,0.172966667,0.139041667,0.070743333,0.091288889,0.156378947,0.070323478,0.1536,0.286588889,0.220127273,0.179818182,0.207245455,0.0485,-0.027993939
18/06/2020,0.060144737,0.002388889,0.049889412,0.091717647,0.183985,0.057101345,0.1101,0.2123,0.4114875,0.171208333,0.1047,0.019,0.062195
19/06/2020,0.135985366,0.180961111,0.05327781,0.314095238,0.147916667,0.052604926,0.05845,0.25568,-0.053309091,0.085308333,0.14588,-0.063558333,0.121286364
20/06/2020,0.069628,-0.063633333,0.09515,0.178304545,0.027781818,0.081852663,0.075333333,0.23448,0.11896,0,0.06502,0.081114286,0.004690909
21/06/2020,0.038573077,0.04404,0.102980095,0.24333,0.159833333,0.05498,0.44364,0.257166667,0.444114286,0.097083333,0.22874,0.048289474,0.189682609
22/06/2020,0.122658824,0.149725,0.138481518,0.2959,0.075068421,0.09962093,0.134475,0.0467625,0.407483333,0.16602,0.254609091,0.121011765,0.113825
23/06/2020,0.097510714,0.083046154,0.048747619,0.080228571,0.179308696,0.047537,0.247828571,0.00784,0.436058333,0.1622125,0,0.185325,0.042383333
24/06/2020,0.094254286,0.067627778,0.081692507,0.123088,0.296261538,0.071547577,0.093475,0.18644,0.07134,0.12991,0.055809091,0.082688235,0.051452632
25/06/2020,0.125013793,0.081216667,0.086350974,0.011583333,0.186623529,0.030797949,0,0.3652,0.218166667,0.038107143,0.04335,0.058733333,0.03861875
26/06/2020,0.092663158,0.069685714,0.059848659,0.13145,0.206845455,0.061732812,0.14308,-0.058911111,0.483375,0.2268375,0,0.027694444,0.049923077
27/06/2020,-0.013390323,0.212783333,0.049583264,0.35407,0.163528571,0.075847761,0,0.15158,0.2744,0.052357143,0.15754,0.0608,0.063947059
28/06/2020,-0.062836667,0.0611,0.058930638,0.238077778,0.221730769,0.059504762,0.0829,-0.156225,0.00534,0,-0.05274,0.146105556,0.066816667
29/06/2020,0.070673529,0.04576,0.03778206,0.1268875,0.182178261,0.027305778,0,0.083333333,0.194738462,0.198875,0,-0.110958333,-0.035963158
30/06/2020,0.125491429,-0.02830625,0.076833091,0.198564706,0.227426667,0.055905778,0.210191667,0.10725,0.158883333,0.241758333,0.066441667,0.188815385,-0.008873684
01/07/2020,0.123235849,0.120827778,0.089918305,0.186063636,0.2492,0.027504639,0.0527,0.04046,0.23944,0.256557143,0.116577778,0.137076923,0.121486667
02/07/2020,0.078028788,-0.064285714,0.106346512,0.211323529,0.102764286,0.116804138,0.186918182,0.188614286,0.169563636,0.171185714,0.097911111,0.172641667,0.093439286
03/07/2020,0.0747,0.039321053,0.064072587,0.234847826,0.206333333,0.072609722,0.077325,0.126122222,0.0715,0.076407143,0,-0.098688235,-0.063025
04/07/2020,0.076862857,-0.042511111,0.068308571,0.262482353,-0.051441176,0.085501905,0,-0.015188889,0.12215,0.041341667,0.152025,0.127084615,0.035575
05/07/2020,-0.075829167,0.1359625,0.078275319,0.196421053,0.161255556,0.070190361,0.108233333,0.18924,0.39576,0.090857143,-0.11438,0.037041176,-0.0650375
06/07/2020,0.022447826,0.034921429,0.100436076,0.11790625,0.085404348,0.103121429,0.186677778,-0.09534,0.4217,0.183659091,-0.0602,0.053786364,0.055254545
07/07/2020,0.127,-0.051694737,0.075619706,0.134352128,0.20711875,0.122227429,0.384742857,0.304514286,0.26466,0.093219231,-0.2294,-0.011427778,-0.047264286
08/07/2020,0.061888,-0.008059091,0.091981931,0.078496892,0.007791667,0.075179141,0.057183333,0.11108,0.2805,0.157888372,-0.04248,0.03467619,0.210266667
09/07/2020,0.04934359,-0.013775,0.050034884,0.07002407,0.163170588,0.08333,0.169366667,0.1376,0.373857143,0.113824,0.126317647,0.01442963,0.140432353
10/07/2020,0.082021875,0.01482,0.062525692,0.07699223,0.306883333,0.100731579,-0.23619,0.11596,0.173083333,0.160790625,0.078711111,0.133476923,0.007076
11/07/2020,0.026573913,0.051790909,0.122740092,0.112155474,-0.062581818,0.05022,0.051833333,0,0.295,0.172082353,0.1911375,0.0546375,0.12103
12/07/2020,-0.173539286,0.226536667,0.117736571,0.211588696,0.14858,0.091058696,0.327625,0.188966667,0.54414,0.128909091,0.179766667,0.20359,0.057325
13/07/2020,-0.034614815,0.013313793,0.092261966,0.138856522,0.043694118,0.124740845,-0.0597125,-0.0682,0.1975,0.088465217,0.09624,0.136684,0.118316667
14/07/2020,0.117602703,0.17070303,0.118594785,0.223733333,0.093955556,0.12442561,0.013075,0.0757625,0.413283333,0.219938889,-0.0404375,0.0151,0.040815789
15/07/2020,-0.009954545,0.036404762,0.003568462,0.147340984,0.226218182,0.10518323,-0.049333333,0.0669,0.091075,-0.02284375,0.205915385,0.033315,0.033165217
16/07/2020,-0.037327273,0.036780769,0.01719915,0.073671429,-0.009035714,0.053236774,-0.018,0,0.2771,0.114815,0.130308333,0.131908333,0.026420833
17/07/2020,0.143031034,0.110726316,0.05278853,0.069029032,0.149328571,0.12307265,0.271866667,0.21136,0.15212,0.149117647,0.0495125,-0.008284211,0.13996
18/07/2020,0.145336364,0.152405882,0.093551741,0.121050538,0.24785,0.080680882,0,0.248771429,0.168455556,0.204025,0.119266667,0.110957143,0.190864286
19/07/2020,0.120993103,0.008426087,0.025808531,0.093757778,0.23317,0.067411268,0.17975,0.0636,0.2451,0.08006,0.096633333,0.1477875,0.095152632
20/07/2020,0.108458333,0.032855882,0.068636986,0.209259091,-0.032415789,0.08636051,0.13615,-0.128292308,0.106857143,0.257194444,0.204923077,0.018823077,0.035744444
21/07/2020,0.062489286,0.197407407,0.097821993,0.140608333,0.339663636,0.125567123,0.251111111,0.250983333,0.37128,0.105221429,0.0667,0.16845,0.150175
22/07/2020,0.203363333,-0.090012,0.113922476,0.154581579,0.240407143,0.109465926,0,0.241133333,-0.068,0.096828571,0.106523077,0.156193333,0.066936
23/07/2020,0.01076,0.059663415,0.03466145,0.248066667,0.0141,0.050988125,0.047827273,0.239466667,0.050305882,0.2343,0.0796125,0.081303704,-0.0075
24/07/2020,0.053665,0.134910526,0.079633866,0.081388,-0.011225,0.132535135,-0.054125,0.152133333,0.018133333,-0.0369,-0.054542857,0.01252,0.037373333
25/07/2020,0.125663158,0.338416393,0.07667529,0.087113793,-0.016309091,0.063401653,0,0.17214,0.135575,0.203618182,0.017116667,0.043835,0.19406
26/07/2020,0.075888889,0.055594286,0.099254,0.205460714,0.08795,0.105822835,0.046325,-0.042285714,0.12738,0.022075,0.226671429,0.129554545,0.104833333
27/07/2020,0.103486486,0.009318421,0.079307872,0.03255,0.10343125,0.092948603,0,0.160427273,0.001084615,0.19626,0.154666667,-0.04763,0.1533
28/07/2020,0.142963043,-0.043680952,0.08006226,0.167178378,0.016922727,0.083315385,-0.001964286,0.16842,0.1155,0.322958333,0.1702,0.126547368,0.03456
29/07/2020,0.085775281,0.085488889,0.056460638,0.164321739,0.163433333,0.090778571,0.145142857,-0.1591,0.072942857,0.335233333,0.0382,0.016886957,0.062232143
30/07/2020,0.075312698,0.084068966,0.077947024,0.244727273,0.059153571,0.164357609,-0.03804,0.173866667,0.187981818,0.41858,0.1247,0.11088,0.191277778
31/07/2020,0.08081875,0.164332,0.097148747,0.143352174,0.07766,0.148401442,0.008608333,0.110484615,0.18642,0.04213,0.00795,0.008591304,-0.028985714
01/08/2020,0.06144875,-0.03676,0.07121215,0.179158333,0.151292308,0.067878947,-0.447,0.312675,0.069842857,0.282645455,-0.263775,0.076938462,0.086589655
02/08/2020,0.139639394,-0.027441176,0.084673188,0.111452632,-0.12985,0.0489,0.045333333,0.116516667,0.0371125,0.2261,0,0.091347368,0.094409756
03/08/2020,0.112026923,0.087396774,0.035514423,0.016031579,0.158368421,0.07762807,-0.100475,0.0658,0.072766667,0.082316667,0.195114286,-0.064946667,0.093344444
04/08/2020,0.079068354,-0.01210625,0.072729395,0.106868,0.011552381,0.148468323,-0.113333333,-0.048236364,0.1273375,0.245384615,0.159225,0.013568421,0.067251724
05/08/2020,0.112002,-0.012169697,0.068950833,0.051972222,0.101938462,0.107043373,0,0.137242857,0.4176,0.173523529,0.237558333,-0.04391,-0.074779167
06/08/2020,0.113217647,0.031025806,0.098894186,0.17605,0.065476923,0.092777907,0.19924,0.27079,0.373942857,0.165792857,0.113908333,0.088580952,0.147994737
07/08/2020,0.081579688,0.027531034,0.098928291,0.1161875,0.127263636,0.126334615,0.042666667,0.199822222,0.023525,0.0858,0.104641667,0.050830435,0.0380875
08/08/2020,0.183870769,0.040773529,0.053572436,0.106109524,0.11438,0.039513265,0.2217,0,0.359766667,0.314328571,0,0.09529,0.106027778
09/08/2020,0.134273585,-0.005188889,0.088323592,0.1979125,0.152914286,0.081898039,0.2841,0.07224,0.1299,-0.023433333,0.329775,-0.027613333,0.0640125
10/08/2020,0.151714815,-0.023096,0.071084906,0.205555556,-0.007438462,0.111091724,0.2508,0.275266667,0.125365385,0.099511765,0.039975,0.04155,0.158723529
11/08/2020,0.165275,0.046788889,0.088991343,0.162194286,0.06931,0.075165502,0.12774375,0.07768125,0.204690909,0.119575,-0.02316,0.087064706,-0.103607143
12/08/2020,0.108412121,0.060441463,0.081245192,0.056908696,0.143885,0.039870388,0.102616667,0.141175,0.116963636,0.130155556,0.1472,0.219714286,0.08646875
13/08/2020,0.037693651,0.188842308,0.046750755,0.16257619,-0.064758824,0.036417969,0.006457143,0.10744,0.249066667,0.122429412,0.1764375,-0.001354545,0.07373913
14/08/2020,0.005110638,0.165366667,0.087429503,0.14052069,0.116755556,0.087525225,0.233130769,0.174411111,0.1958375,0.16786,0.176192308,-0.013517647,0.092526471
15/08/2020,0.139353704,0.059528571,0.119002827,0.065966667,0.268936364,0.096494928,-0.025144444,0.110828571,0.4107875,0.266316667,0.165844444,0.054521429,0.079278571
16/08/2020,0.113497619,0.022115625,0.037640449,0.077085714,0.2077,0.056742177,0.059916667,0.215716667,0.374123529,0.229957143,0.11045,-0.04055,0.072716667
17/08/2020,0.081346,0.097392,0.055747289,0.192447368,0.134535294,0.100916509,0.157283333,-0.09511,0.372528571,0.212729412,-0.0134625,0.084292857,0.014985
18/08/2020,0.139193651,0.011055,0.045881089,0.175961905,0.053833333,0.063907865,0.14794,0.243708333,0.117823077,0.04186,0.06819,0.016669565,0.078342857
19/08/2020,0.061262222,0.024980851,0.104843662,0.146057143,0.053292857,0.083520197,0.0669,0.113590909,0.385292857,0.063825,0.1434375,0.082092308,0.13902619
20/08/2020,0.068235417,0.045124138,0.099166777,0.083778947,0.16607619,0.088497396,-0.088275,0.054766667,0.213013636,0.219846667,0.2534375,0.057714815,0.0419375
21/08/2020,0.111189189,0.065746429,0.058338676,0.16035,0.012269231,0.061847826,0.1236,0.1546875,0.226525,0.197395238,0.1702,0.094168182,0.085819048
22/08/2020,0.147928947,0.11663,0.092768582,0.117029412,0.079822222,0.034826724,-0.01005,0.33888,0.1584,0.218572727,0.097211111,-0.03983,0.185382353
23/08/2020,0.101170213,0.016509091,0.090843096,0.139268,0.2081,0.033166667,0.006216667,0,0.1124,0.008392308,-0.09545,-0.084216667,0.155786957
24/08/2020,0.12992549,0.059302703,0.088659509,0.171321429,0.14284,0.083376836,0,0.06592,0.1268,0.131576471,-0.0296,0.043895,-0.001213514
25/08/2020,0.074342857,0.028965789,0.065981379,0.030756522,0.171664286,0.06569108,0.150533333,0.070981818,0.150414286,0.083922222,0.2824,0.030395833,0.116107692
26/08/2020,0.141887879,0.063942857,0.076334884,0.111133333,0.231525,0.144623853,0.044945455,0.055958333,0.410936364,-0.0640625,0.06364,0.088516,0.054515789
27/08/2020,0.113275,0.014257143,0.085452646,0.155021053,0.329766667,0.070772455,0.09835,0.015316667,0.329992857,0.07226,0,0.07668,0.137146667
28/08/2020,0.17183,0.025984,0.082048837,0.141361905,0.07345,0.061337433,0.11449,0.12728,0.039775,0.1589,0.182066667,-0.034785,0.1497
29/08/2020,0.184442222,0.02353125,0.099039912,0.049490909,0.121988889,0.113433645,-0.0083,0.09865,0.118416667,0,0.119428571,0.0437,0.124909091
30/08/2020,0.12087,0.028670588,0.10294709,0.252626316,0.1886,0.098100741,0.089875,0.098155556,0.16138,0.0734,-0.0499,-0.034683333,0.095318182
31/08/2020,0.068728889,0.066309375,0.05884252,0.073352,0.08236875,0.090099487,0.046175,0,0.21162,0.149430769,-0.0181875,0.142283333,0.0759
01/09/2020,0.143034615,0.065528125,0.122932971,0.193339286,0.126516667,0.031595402,0.1712375,0.192016667,0.186555556,0.1468,-0.0829125,0.05125,0.182114286
02/09/2020,0.139214286,-0.083208,0.057851746,0.137131818,0.140333333,0.033920183,0,0.153894737,0.112628571,0.11148,0.0903,0.067015625,0.193381818
03/09/2020,0.121319565,0.110176923,0.073672755,0.101430769,0.047176923,0.072863441,0.116666667,0.079211111,0.4090625,-0.131975,0.347628571,0.062852,0.123833333
04/09/2020,0.084378788,0.057157576,0.044940563,0.081677273,0.022626316,0.045270303,0,0.07358125,0.161807692,0.242783333,-0.005114286,0.045594737,-0.021745455
05/09/2020,0.142325,-0.055475,0.095661624,0.170788889,0.232028571,0.058990141,0.1022125,0.08302,0.003271429,0.162075,0.064,0.068616667,0.015484615
06/09/2020,0.128464706,-0.0014,0.014311255,0.09665,0.172578571,0.068630657,0.173428571,0.1561375,-0.3938,0,-0.14368,0.127447059,-0.22937
07/09/2020,0.0654,-0.030558065,0.068038618,0.087695,0.10773,0.068442604,0.34805,0.07636,0.079822222,0.029785714,0.028866667,-0.138290909,0.2167625
08/09/2020,0.1117,-0.06230303,0.098185547,0.263938889,0.23616,0.063895313,0.10989,0.05097619,0.43634,0.125216667,0.363125,0.091504348,0.036807692
09/09/2020,0.108558065,0.02762,0.087421053,0.177523529,0.204766667,0.067883815,0.32912,0.1263,0.374835294,0.2002,-0.086333333,0.109144444,0.232741176
10/09/2020,0.009794737,0.02373871,0.068261111,0.161796774,0.074728571,0.058741748,0.2392125,0.088171429,0.552275,0.067241667,0.060214286,0.055909375,0.268347059
11/09/2020,0.096335,0.115772414,0.065623881,0.233227273,0.24604,0.081161364,0.17012,0.286175,0.519323529,-0.01538,0.08038,0.105581818,0.073383333
12/09/2020,0.027595833,0.095403846,0.101163948,0.114783333,0.0535875,0.041507285,-0.055528571,-0.093225,0.091388462,0.077861538,0.201716667,-0.009095833,-0.0338
13/09/2020,0.089203333,-0.0555,0.074258824,0.090353846,0.13091,0.058269565,0.163875,0.173027273,0.032045455,-0.039671429,0.026466667,0.023918519,-0.010643478
14/09/2020,0.196778571,0.112072973,0.078204428,0.1789,0.033844444,0.068573563,0.066983333,0.22898,0.23313125,0.111871429,0.1022,0.142962963,0.05568125
15/09/2020,0.254036364,0.0865375,0.0636327,0.079342105,0.0425,0.078858289,0.2732,0.11928125,0.00032,0.261466667,0.20134,0.042594118,0.11304
16/09/2020,0.084145946,0.064455556,0.07355073,0.164986667,0.159318182,0.069799457,0.1876,0.060518182,0.356826316,0.154693333,0.107715385,0.082090476,0.205393333
17/09/2020,0.111888,0.028783871,0.134807224,0.22266087,-0.0843,0.07012193,0.053633333,0.143015385,0.306761905,0.246588889,0.253766667,0.116430769,0.156647826
18/09/2020,0.1470625,-0.028454167,0.05458481,0.147192857,0.22325,0.087012766,0.3509625,0.07832,0.123306667,0.3541,0.0289,0.107664286,0.30372
19/09/2020,0.135511765,0.010359091,0.110223757,0.068490909,0.172636364,0.065377444,0.152933333,-0.019683333,0.00754,0,0.0398,0.065741176,0.083542857
20/09/2020,0.07862963,0.175085714,0.069489474,0.24951875,0.0533875,0.097115652,0.089875,0.111125,0.17065,-0.017571429,0.152428571,0.101788235,0.2509
21/09/2020,0.150956522,0.125043478,0.067783193,0.143796875,0.050952174,0.106750311,0.150544444,-0.0234,0.285866667,0,-0.014036364,0.113323529,0.047485
22/09/2020,-0.093207692,0.032054545,0.037562857,0.1147,0.20095,0.02143253,0.252466667,0,0.27795,0.067433333,-0.105533333,0.163631579,0.17691
23/09/2020,0.136376316,-0.02167,0.070075714,0.176685,0.142075,0.096846237,0.24695,-0.01308,0.203256757,0.203666667,0.2072,0.015866667,0.117872222
24/09/2020,0.030880645,0.0052,0.091141546,0.28237,0.155238462,0.104644231,0.03104,0.248022222,0.199342105,0.26087,-0.0101,0.1755,0.094855556
25/09/2020,0.071963158,0.114744444,0.139398343,0.234633333,0.00082,0.103472857,0.02195,-0.02054,0.090773684,0.091090909,0,0.176418182,0.07058
26/09/2020,0.141583333,0.089404762,0.071410046,-0.015944444,0.127857143,0.046447482,0,0.062914286,0.167969333,0.229371429,0.1396875,0.079656522,0.032272
27/09/2020,0.255768182,0.08892,0.116331034,0.086205882,0.7003,0.040462222,0.119833333,0.25524,0.050953571,0.12498,0.10212,0.178147619,0.127869231
28/09/2020,0.174025,-0.00922381,0.057229091,0.236007143,0.113466667,0.074385465,0.140472727,0.1314,0.055988636,0.072042857,0.13616,0.145116,0.204706897
29/09/2020,0.17546,0.034395833,0.05914879,0.0372,0.38196,0.06081716,0.1102,0.06186,0.346186364,0.24597,-0.085083333,0.008611111,0.17255
30/09/2020,0.07366087,0.028560606,0.072202954,0.102107692,0.173909091,0.077887222,-0.0043,0.262316667,0.018494737,0.312657143,0.141522222,0.183434483,0.187692308
01/10/2020,0.1348625,-0.061033333,0.103591892,0.057008333,0.218871429,0.053784884,0.136871429,0.060214286,0.174352941,0.2498,-0.005,0.179770968,0.10053
02/10/2020,0.117376667,0.0344125,0.117163519,0.193526667,0.2154625,0.068303205,0.3198,0.15054,0.233093333,0.2553,0.16808,-0.044052381,0.194008696
03/10/2020,0.067173684,0.074671429,0.127501765,0.1291,0.110825,0.081002128,0.2059,0.13392,0.020585714,0.387833333,0.2202,0.082614286,0.085712
04/10/2020,0.06688125,0.10297,0.130768023,0.050575,0.2369,0.079890517,0.408433333,0.2975,-0.051922222,0,0.24745,0.125107692,0.087992308
05/10/2020,0.005740625,0.0885,0.131528175,0.058363636,0.027944444,0.049889308,0.113914286,0.079628571,0.168595833,0,0,0.001696,0.153792683
06/10/2020,0.0301,0.038516667,0.046604962,-0.05089,0.106992857,0.085680226,0.2085,0.104428571,0.119386667,0.320716667,-0.021,-0.073325926,0.052610345
07/10/2020,0.154863333,0.067476471,0.074954393,0.244671429,-0.105890909,0.041277451,-0.083085714,-0.040890909,0.0561125,0.02578,0.04019,-0.005878261,-0.005492593
08/10/2020,0.06309,0.011089474,0.106841961,0.2311,0.286576923,0.09273587,0.146114286,0.123833333,0.012378261,0,0.0558,0.150073077,0.065565
09/10/2020,0.1404625,0.028841379,0.083374315,0.180325,0.0375125,0.114414907,0.108285714,-0.030957143,0.169323077,0.007371429,0.0686,0.0205125,0.03708
10/10/2020,0.13368,0.0443125,0.132675263,0.208255,0.178518182,0.095849123,0.254366667,0.23438,0.457807692,0.21514,-0.026475,0.06799,0.096744444
11/10/2020,0.142654545,0.028446667,0.098187432,0.0588,0.103045455,0.069584677,0.19035,0,0.168158333,0.1221125,0.075433333,0.118108696,0.045616667
12/10/2020,0.072022222,-0.04294878,0.105651383,0.147077778,0.11534375,0.107012183,0,0.150557143,0.26966875,0.0425,0.242283333,-0.04060303,0.070365217
13/10/2020,0.177415789,0.038896,0.070903887,0.4506,0.038711111,0.104973563,0.15704,0.253981818,0.6834,0.23752,0.305916667,0.056385714,0.288525
14/10/2020,0.11539375,0.075070833,0.091796014,0.170583333,0.190542857,0.096184146,-0.239466667,0.03289,0.26505,-0.306455556,0.069388889,0.021857692,0.042106897
15/10/2020,0.16283,0.02635,0.111005859,0.077222222,0.208346667,0.088526437,-0.02915,0.22409,0.335035714,0.057511111,0.114828571,0.122548,0.169477419
16/10/2020,0.13236,0.1147625,0.089173134,0.11748,0.165316667,0.095192073,0.1725,0.1905625,0.364622222,0.255383333,0.310525,0.098348148,0.086977778
17/10/2020,0.1056625,0.09225,0.054183333,0.19860625,0.39475,0.084191346,0.2202,0,0.31932,0.173277778,0.255233333,0.057454348,0.13906
18/10/2020,-0.10003913,-0.022085714,0.130213542,0.20198,0.0135875,0.144168478,0.1143,0,0.2772,0,0.08808,-0.081690698,0.108461111
19/10/2020,0.0903,0.111985714,0.108327673,-0.022255556,-0.153375,0.107210638,0.046275,0.328514286,0.15415,-0.088375,-0.125,0.040111429,0.063590323
20/10/2020,0.215823077,-0.06835,0.085062996,-0.002783333,0.112,0.063662037,0.22324,-0.26335,0.405061538,0.10638,0,0.08955,0.078866667
21/10/2020,0.167625,0.0643,0.114689004,0.219035294,0.20477,0.127456872,0.171522222,0.110607692,0.29135,0.289325,0.359445455,0.0821,0.071395833
22/10/2020,-0.014837143,0.012346154,0.083770283,0.089823077,0.1568,0.084516832,0,-0.010728571,0.286423077,0.1979,0,-0.010785714,0.0232
23/10/2020,0.080246875,0.003515152,0.11648852,0.1878,0.169385714,0.063969634,0.1589,0.1623,0.292506667,0.205033333,0.25575,-0.025444,0.0334
24/10/2020,0.043852941,0.0742,0.103162602,0.383383333,0.054608333,0.145882707,-0.0652,0.222528571,0.394276471,0.1309,0.50835,0.138211111,0.015566667
25/10/2020,0.16863,-0.045695,0.08876309,-0.012866667,0.258583333,0.088937143,0.2493875,0.1017,0.297771429,0.2647,0.222816667,-0.027580645,0.036461538
26/10/2020,0.019992308,0.091,0.078205866,0.130618182,0.18627,0.045299454,0.08402,0.105033333,0.372866667,0.146475,0.14258,-0.077636842,0.051243478
27/10/2020,0.072221053,0.044566667,0.057316543,0.143515,0.091272727,0.094620305,0.23382,0.21578,0.289353333,-0.0184,0.044557143,0.005764286,0.295421053
28/10/2020,0.052795833,0.064676471,0.05941201,0.365223077,0.27961,0.034690909,0.23978,0.058228571,0.342533333,-0.0172,0.256018182,-0.085116667,-0.02165
29/10/2020,0.0231,-0.022490909,0.079961351,0.098414286,0.160571429,0.098073125,0.107481818,0.10194,0.309569565,0.107116667,0.162242857,0.015205263,-0.030847059
30/10/2020,0.08982,0.053528571,0.081952229,0.06652,0.20396,0.087451786,0,0.295154545,0.259353333,0.381285714,0.10242,0.042767568,0.150111538
31/10/2020,0.129311765,-0.059190909,0.082131515,0.119588889,0.085,0.126532,0.07955,0.191583333,0.406423077,-0.06364,0,0.155921739,-0.078952632
01/11/2020,0.185595652,-0.01665625,0.09368705,0.334711111,0.3104875,0.052860833,0.6054,0.124841667,0.32955,0.283766667,0.318816667,0.051515625,0.124729412
02/11/2020,0.196341176,0.062486667,0.097067781,0.146078947,0.093838462,0.069553552,-0.097575,0.2944125,0.214466667,0.15162,0.35689,0.028871429,0.131378571
03/11/2020,0.104080952,-0.002903704,0.08456311,0.11328125,0.114225,0.080867347,0.306475,0.2326125,0.309033333,0.29744,0.10212,0.0335625,-0.087057143
04/11/2020,0.1260875,0.150211111,0.095271333,0.068806667,0.06408,0.042012422,0.34,0.122544444,0.393314286,0.1589,0.04645,-0.032885294,0.105194737
05/11/2020,-0.32335,0,0.026405556,0.4404,0,-0.002377778,0,0,0,0,0,0,0
06/11/2020,0.144616667,-0.031316667,0.043030769,0.31918,-0.025133333,0.173211321,0.6369,0.6369,0.4908875,-0.2021,0.244225,0.0202125,-0.003914286
07/11/2020,0.083096429,0.008114286,0.115397428,0.134746667,0.163014286,0.101095238,-0.07636,0.21782,0.28176875,0,0.4648,-0.006109091,0.035084615
08/11/2020,0.022144,0.03062,0.11933935,0.030857143,0.066166667,0.087495385,0.22474,0.03558,0.322754545,0.11445,0.091416667,0.014828125,0.086876923
09/11/2020,0.008903846,0.007882759,0.113504624,0.102758824,0.080014286,0.069108387,-0.148,-0.126,0.15415,0.1727,0.136633333,-0.012671875,-0.092478261
10/11/2020,0.142413636,-0.019388235,0.079073958,0.0653125,0.00805,0.108462687,0.34925,-0.0314,0.449534783,0.174228571,0.0025125,-0.196318919,0.101936667
11/11/2020,0.066408824,0.011254545,0.08483,0.02968,0.035157143,0.093374146,0.0536,0.28655,0.232478947,0.075422222,0.14915,-0.072832143,0.170080952
12/11/2020,0.07512,0.01952963,0.073795567,-0.009905556,0.12858,0.026401485,0.09447,0.008066667,0.378038462,0.05315,-0.0262,0.03156,0.130438889
13/11/2020,0.10714,0.020664,0.091424934,0.041477778,0.087433333,0.080855556,0.063663636,0.1972,0.2319,0.0482,-0.00502,0.138896667,0.147768421
14/11/2020,-0.0437,-0.11339,0.101163899,0.0602,0.161133333,0.04367971,-0.1661,0.10212,0.47758,0.17,0,0.05868,0.138478261
15/11/2020,-0.006788462,-0.008229167,0.069584566,0.04065,0.12101,0.112258824,0.20283,0.171609091,0.268754545,0.304485714,0.123475,-0.021038889,3.10E-05
16/11/2020,0.094886667,-0.069947826,0.085724279,0.0911,0.103063636,0.126062564,0.118118182,0.051269565,0.239568,0.392281818,-0.098607692,0.09854,-0.031390323
17/11/2020,0.149629032,0.03091875,0.062554936,0.121936364,0.078627273,0.074534597,0.175883333,0.063157143,0.401929412,0.36345,0.154825,0.064481579,0.067218519
18/11/2020,0.03327,0.012939286,0.084554131,0.178575,0.333914286,0.122410363,0.023090909,0.135576923,0.403109091,0.0374625,0.127157143,0.100003846,0.008614286
19/11/2020,0.093412903,0.033163333,0.067943849,0.029903333,-0.25705,0.077004571,0.013952632,0.145,0.431656,0.031575,-0.0999,0.025639394,0.049744444
20/11/2020,0.096727586,0.036777778,0.069532486,0.143847619,-0.015014286,0.111249761,0.035790909,0.168906667,0.411705,0.115475,0,0.134056757,0.143131915
21/11/2020,0.040678261,-0.0120125,0.056469072,0.122419672,-0.074314286,0.083665584,0.202175,0.240069231,0.246892308,-0.047725,0.259044444,0.055974074,0.152648454
22/11/2020,0.072626471,-0.017372727,0.062776513,0.163536735,0.01965,0.035561404,0.142342857,0.10013,0.122172727,0.319028571,0.091641667,0.005089655,0.111878082
23/11/2020,0.113847059,-0.026615789,0.108578298,0.183944898,0.079981818,0.072682375,0.122957143,0.169444444,0.228362963,-0.002357143,0.102286667,0.036686842,0.086687288
24/11/2020,0.13700303,-0.044846341,0.07489046,0.216897674,0.040133333,0.111403472,-0.060411111,-0.00516,0.260915385,0.11046,0.138306383,-0.024870833,0.113760588
25/11/2020,0.131157407,0.072424194,0.090660335,0.150736735,0.188044444,0.087491866,-0.033145455,0.120157143,0.245214706,0.071608333,0.088668571,0.125929167,0.12502
26/11/2020,0.188863636,0.033038462,0.04522315,0.159986207,0.16758,0.078494857,0.057414286,0.176433333,0.276082609,0.079013333,0.066405882,0.227055556,0.098265957
27/11/2020,0.113204167,0.04330625,0.075245939,0.032507143,-0.000455556,0.092779661,0.120705263,0.0799,0.169735294,0.142571429,0.032630769,0.049309677,0.012128814
28/11/2020,0.191262857,0.030880645,0.091589846,0.173630435,0.192766667,0.093557554,0.112154545,0.272425,0.1914875,0.129544444,0.063273913,0.029353571,0.107266667
29/11/2020,0.11163871,0.065359459,0.10814011,0.165525,0.0699,0.062036957,0.0978,-0.057283333,0.217916667,0,-0.03426875,0.025480769,0.166427778
30/11/2020,0.14296,-0.005334694,0.057515717,0.1601775,0.034008333,0.155425974,0.209192857,0.307625,0.330894737,0.100475,0.026903333,0.071896552,0.089316667
01/12/2020,0.096543243,0.000556522,0.085422655,0.154869565,0.0068375,0.058814173,0.0471375,0.187346667,0.339409091,0.06597,0.006816667,-0.071008696,0.079453333
02/12/2020,0.221915385,0.028309756,0.114672517,0.17864375,0.171809091,0.092680973,0.185863636,0.083705882,0.34173,0.05505,0.187855556,-0.064953125,0.16198
03/12/2020,0.142340741,-0.055772,0.097685199,0.17794375,0.037875,0.084672868,0.076211111,0.2299375,0.248083333,0.306425,0.004181818,0.011636364,0.001438462
04/12/2020,0.149892308,0.055348571,0.107840884,0.150385,0.30778,0.068453403,0,-0.0039,0.3394125,0.025585714,0.048,0.070619048,0.070320635
05/12/2020,0.067831579,-0.026793182,0.085188889,0.275506452,0.4037,0.081327778,0,0.5106,0.06634,0.126433333,0.143183333,0.054345455,0.239365116
06/12/2020,-0.02267,0.0536075,0.086842771,0.215716,0.0574,0.101845122,0.10078,0.076030769,0.138004762,0.096425,0.1315125,0.04248,0.173174576
07/12/2020,0.055911429,-0.024246667,0.099265942,0.30821,0.143744444,0.122035622,0.143991667,0.252328571,0.411031579,0.01931875,0.0747875,0.089725641,0.15419875
08/12/2020,0.137546875,0.010853846,0.070516877,0.248225806,0.147509091,0.138820202,0.197205263,-0.0074,0.34435,0.113328571,0.021141667,0.036080645,0.124863636
09/12/2020,0.092035714,0.076604545,0.080240674,0.067186957,0.4955,0.099414835,0.114307692,0.1991,0.349364706,0.115811111,0.181092857,-0.033745833,0.170887755
10/12/2020,0.15150303,-0.004351351,0.094667073,0.15794,0.04046,0.116330631,-0.062235714,0.1052375,0.335961538,0.243333333,0.154390909,0.014874074,0.125741463
11/12/2020,0.133432,0.133647826,0.099925121,0.152746667,0.288171429,0.096507732,0.036536364,0.072233333,0.371823529,0.25764,0.073855556,0.083027586,0.054664407
12/12/2020,0.046776744,0.089466667,0.099287037,0.318168421,-0.005925,0.090404255,0.226253333,0.44118,0.46374375,0.1645,0.110313333,0.012108,0.111562617
13/12/2020,-0.018143243,-0.0149675,0.085665176,0.245961538,0.1147,0.117306897,0.021741667,-0.06278,0.465823529,0.229855556,0.142272727,0.033658065,0.057446154
14/12/2020,0.116833333,-0.071305,0.104737965,0.080857895,0.063633333,0.083215842,0.00253,0.172309091,0.3968,0,0.112591667,0.015709677,0.017294231
15/12/2020,0.136983673,-0.024334694,0.087301351,0.116442857,0.019144444,0.09067619,0.169766667,0.088985714,0.37314,0.3071875,0.145207143,-0.107764865,0.026041176
16/12/2020,0.126858065,-0.019523913,0.092278178,0.4056,0.174791667,0.120008559,0.074877778,0.2785125,0.442531579,0.074925,0.333855556,0.108777419,0.075489394
17/12/2020,0.119157778,-0.01555,0.078373357,0.208541176,0.02527,0.072241935,0,0.144373333,0.229783333,0.149790909,0.047670588,-0.003058824,0.070001429
18/12/2020,0.101634286,-0.053429787,0.087764055,0.219415,-0.03026875,0.058646667,0.103446154,0.127611765,0.290880769,0.05482,0.0058,0.123483333,0.071026
19/12/2020,0.023787097,0.021130909,0.103995331,0.253517647,0.326733333,0.146521477,0,0.06654,0.269766667,-0.0211625,0.027482353,0.061695652,0.096405263
20/12/2020,0.170805714,0.068002128,0.083387546,0.075569565,0.1579,0.124505714,0.17975,0.020727778,0.149841176,0.22744,-0.02266,0.066580952,0.166670588
21/12/2020,0.078776316,-0.050947458,0.073146337,0.067899,0.10395,0.080705,-0.12284,-0.277447826,0.294332258,0.10486,-0.006,-0.009552174,-0.034806818
22/12/2020,-0.012688235,-0.0484,0.071815789,0.150954762,0.2431,0.082223158,0.039755556,0.125223077,0.214881579,0.066772727,0.1655,0.143932143,0.0160872
23/12/2020,0.039112195,0.042443939,0.078824335,0.121872727,-0.081909091,0.095149239,0.007766667,0.034961538,0.270480952,0.1835625,0.12845,-0.042485714,-0.021833636
24/12/2020,0.137072727,0.016487692,0.095865566,0.249352778,-0.06864,0.067162577,0.21759,0.213383333,0.548694118,0.204966667,0.158325,-0.038257143,-0.012951563
25/12/2020,0.138883333,0.045950943,0.138416397,0.190402778,0.173666667,0.110034951,0.180766667,0.2304,0.29356,0.133966667,0.145433333,0.081195,0.018732653
26/12/2020,0.04145,-0.023052727,0.077630156,0.149413333,0.0994,0.118936496,0.1293375,0.18444,0.3037,0,0.152083333,-0.005771875,0.024286747
27/12/2020,0.038636585,0.070051667,0.092844333,0.20323617,-0.142975,0.100086486,0.059916667,0.065386667,0.15935,0,0.0190875,0.153936842,0.011103529
28/12/2020,0.100005128,0.062365432,0.073600562,0.210778261,0.210207692,0.091426484,0.152033333,0.17841,0.17236,0.102146667,0.087922222,0.1402,0.009902062
29/12/2020,0.107865789,-0.002518033,0.092945225,0.153419149,0.074671429,0.094016667,0.14838,0.071166667,0.299752,0.152214286,0.273626316,0.039202632,0.029238537
30/12/2020,0.146357778,-0.033958667,0.085294848,0.038602703,0.099544444,0.089781761,0.05089,0.123966667,0.230270833,0.09538,0.110213043,-0.096962857,-0.019457143
31/12/2020,0.046522414,-0.002148,0.079568741,0.069615789,0,0.091996757,-0.167775,0.09577,0.243305556,0.199490909,0.006253846,0.051055556,0.005880247
01/01/2021,0.173993333,0.00814,0.097557477,0.170993137,0.415766667,0.073838194,0.04046,0.038992308,0.320647368,0.088955556,-0.0022,0.012668657,0.015864151
02/01/2021,0.150020588,0.031627473,0.095095732,0.081435099,-0.00676,0.073882979,0.08016,-0.00951,0.229,0.118641176,0.039813636,0.002154667,-0.040814583
03/01/2021,0.052384444,0.023890435,0.088020484,0.096112817,0.004390909,0.073541581,-0.048923077,0.120141667,0.20186875,0.045225,0.151875,0.151236508,0.110237681
04/01/2021,0.090121429,0.04454106,0.060194743,0.107657296,0.029438462,0.063715596,-0.03470625,0.130177273,0.259714286,0.062082609,0.13657027,0.021715789,0.106667532
05/01/2021,0.061025397,0.012438182,0.074544603,0.115096949,0.139578571,0.121591864,0.131466667,0.031163636,0.003525,0.13958,0.054219298,0.047538776,-0.02682521
06/01/2021,0.126212121,-0.016280645,0.073455624,0.137032526,0.113014286,0.098322258,0.056507692,0.280055556,0.317906897,0.021923077,0.101597674,0.040779661,-0.053874359
07/01/2021,0.124519802,-0.00322488,0.069130109,0.096958935,-0.03436,0.108155853,0.03449375,0.1369875,0.099947826,0.049275862,0.065565957,0.0838,0.0748
08/01/2021,0.085475758,0.015391099,0.08677231,0.145610965,0.259215385,0.114432963,0.105775,0.048285714,0.277843478,0.03,0.042675,0.059913333,0.05845
09/01/2021,0.065972581,0.021243802,0.0805324,0.121179888,0.147,0.109666489,0.103084211,0.147061111,0.297768421,-0.041042857,0.023426923,-0.0140725,0.076546809
10/01/2021,0.090878261,-0.05432803,0.067222618,0.124108372,0.023267647,0.055489781,0.060138462,0.1279,0.134392308,0.166064286,0.056396429,0.116,0.092590566
11/01/2021,0.056490476,-0.007609091,0.042259603,0.048189931,0.044658333,0.076366993,0.093716667,0.184005263,0.27335,0.021566667,-0.017733333,0.046126,0.06749434
12/01/2021,0.130346552,-0.018874016,0.062882529,0.132615942,0.27460625,0.067129258,0.19258,0.119573913,0.435590323,-0.058471429,0.100665385,0.002932609,0.103575862
13/01/2021,0.202192308,-0.014812381,0.045640727,0.122700752,-0.022358333,0.091851639,0.093507143,0.096411111,0.232466667,0.15532,0.121136,0.045443396,0.05642
14/01/2021,0.11575625,0.050174561,0.036543409,0.149244654,0.04199375,0.110595313,0,0.052986364,0.136271429,0.035714286,0.008044828,0.0215,0.031523729
15/01/2021,0.167236782,-0.011858261,0.061440642,0.105355385,-0.010706667,0.098114108,0.08222,0.024611765,0.253425,0.0085,0.032947368,0.020076923,-0.027148936
16/01/2021,0.073714563,0.042301869,0.067216721,0.11777619,0.057414286,0.084605556,0.050046154,0.153229412,0.49615,0.048728571,0.049903846,0.009513889,0.024445455
17/01/2021,0.092438889,0.035145977,0.083849123,0.171634783,0.057414286,0.104808889,0.18788,-0.0760125,0.25096,0,0.108915385,0.057323333,0.037828571
18/01/2021,0.153736264,0.022273418,0.078891826,0.139792174,-0.031288889,0.076272685,0.108371429,0.078075,0.181438095,0.08244,0.01225,-0.018365217,-0.014657778
19/01/2021,0.061868116,0.020433058,0.080758359,0.18455534,0.12573125,0.089535122,0.066983333,0.0428875,0.133822222,0.085670588,0.113722727,0.098970732,0.101832836
20/01/2021,0.108801299,-0.018429897,0.07589374,0.155863725,-0.0859,0.083830938,0.1665,0.217216,0.311383333,0.141356522,0.056794737,0.026302857,0.039678571
21/01/2021,0.050041304,0.068665116,0.061151358,0.180139535,0.04974,0.085040316,-0.00995,0.169918182,0.403342105,-0.014633333,0.009268421,0.104990625,0.105213953
22/01/2021,0.120459259,-0.051560317,0.060676903,0.171341414,0.17891,0.108449573,0.126763636,0.1212,0.239805556,0.015561538,0.054978947,0.152137037,0.065886486
23/01/2021,0.042497101,0.024119355,0.069137555,0.186267532,0.02062,0.106248101,0.01944375,0.132592857,0.125835,0.08038,-0.125209091,0.077745946,0.009027273
24/01/2021,0.144117143,0.007718571,0.086797436,0.152365432,0.136777778,0.069970109,0.249777778,0.216194118,0.3951875,0.0335,0.116466667,-0.078833333,0.015179167
25/01/2021,0.115203947,0.041349315,0.101178427,0.109724286,0.065309091,0.087812539,0.1369625,0.25305,0.33381,0.214118182,0.120308,0.10357027,0.1351
26/01/2021,0.141031707,0.02036383,0.097243452,0.122060317,0.0602,0.078964444,0.056666667,0.109284615,0.416078571,0.2423,0,0.04655625,-0.033035294
27/01/2021,0.102843243,0.072992,0.097388146,0.133336957,-0.1101,0.091757471,0.4588,0.182627273,0.4404,-0.0617,0.094575,0.19842,0.054314286
28/01/2021,0.14275,0.01418,0.074597561,0.051788568,0.20424,0.067075745,0.058044444,0.115965385,0.258715789,0.07686,0.109378261,0.139945652,0.032060577
29/01/2021,0.08407191,0.016199349,0.064558211,0.049402916,0.081971429,0.056574462,0.110538462,0.083464286,0.236625926,0.124272222,0.085914286,0.124843902,0.002115385
30/01/2021,0.094622989,0.049779887,0.069190175,0.049934631,0.049292857,0.079686384,0.1592125,0.098382857,0.135525,0.03144375,0.026937736,0.044990909,0.044425
31/01/2021,0.088096471,0.022426557,0.07508907,0.075687686,0.0974,0.109516876,0.0502375,0.218036364,0.134253333,-0.01976,0.059932143,0.049870732,0.041211923
01/02/2021,0.051611278,0.02096997,0.091338702,0.093798367,0.124753571,0.103553321,0.163461111,0.10236,0.156265789,-0.070384,0.150155385,0.084581818,-0.004762862
02/02/2021,0.081571707,0.0381452,0.089634818,0.090882525,0.17948125,0.070489916,0.016835294,0.139441818,0.213221951,0.14936,0.146032653,0.184736735,0.056285106
03/02/2021,0.060516949,0.044436918,0.098141687,0.100696121,0.070627273,0.093355067,0.142480952,0.031455319,0.290610811,0.081908696,0.076721053,0.167940426,0.029315504
04/02/2021,0.098038961,0.064948475,0.094406416,0.080121793,0.14603,0.114621167,0.149065,0.180395,0.261542424,0.134764,0.126978049,0.093286047,0.041093455
05/02/2021,0,0,0,0,0,0,0,0,0,0,0,0,0
06/02/2021,0,0,0,0,0,0,0,0,0,0,0,0,0
07/02/2021,-0.07396,0.2986,-0.097523077,0.126721378,0,0.0524,-0.092,0,0.3612,0,-0.014333333,0,0
08/02/2021,0.126962457,-0.021847984,0.07810077,0.094468485,0.090244444,0.10122,0.22041,0.048947619,-0.068442857,0.20596129,0.066822222,0.098471111,0.143329487
09/02/2021,0.088642683,0.037411582,0.098992454,0.098997095,0.098371429,0.082586207,0.15243125,0.077927027,0.25068,0.094534783,0.070873913,-0.000827083,0.111733043
10/02/2021,0.082451975,0.023709302,0.063457993,0.122927283,-0.010028571,0.094634005,0.055648837,0.047054098,0.163673529,0.142225,0.053220455,0.035902564,0.06305
11/02/2021,0.127873399,0.032820139,0.084460109,0.111967549,0.197667742,0.127023293,0.107967105,0.091981538,0.113781633,0.155122222,0.025254688,0.081862338,0.067100526
12/02/2021,0.10573724,0.034092145,0.092343366,0.104866982,0.137694595,0.105949048,0.0435,0.104147368,0.186131579,0.055572059,0.034309459,0.099954412,0.054842995
13/02/2021,0.109517472,0.013602069,0.094785594,0.125180767,0.085595833,0.098866125,0.105270455,0.115393382,0.210983333,0.068236486,0.0842,0.141426471,0.075624111
14/02/2021,0.059380591,0.012257028,0.08389087,0.102975718,0.162585714,0.087163506,0.094539474,0.053639048,0.108551163,0.059097436,0.085782258,0.029268333,0.057730935
15/02/2021,0.0963336,-0.000527341,0.077582271,0.08115674,0.172480769,0.100312264,0.158837143,0.083593243,0.241335135,0.148616667,0.077843103,-0.01643,0.065985119
16/02/2021,0.071822901,0.059251639,0.088229644,0.104197568,0.169030769,0.066277209,0.023641176,0.201930303,0.248290909,0.070111765,0.046094444,0.010584375,0.027310227
17/02/2021,0.060203008,0.094481081,0.091527372,0.078305995,0.057,0.066054054,0.065758824,0.105181818,0.33895,0.11044,0.060112,0.274236842,0.124918182
18/02/2021,0.069761415,0.044341611,0.081053665,0.103510265,0.073945,0.098041707,0.1124,0.126571642,0.198939394,0.078740625,0.096489394,0.092266197,0.08288189
19/02/2021,0.077837061,0.000918373,0.078425264,0.118861846,0.053758824,0.065168366,0.11486,0.12174321,0.182955263,0.121007407,0.015835294,0.085989041,0.045708333
20/02/2021,0.117028487,-0.001673843,0.072906684,0.127778537,0.060729412,0.086629048,0.071816129,0.111144872,0.36358,0.206546939,0.008730769,0.013918182,0.06505463
21/02/2021,0.080166078,0.022027246,0.087140585,0.120773117,0.060992308,0.090691429,0.109882143,0.147067857,0.061630488,0.082224138,0.118162,0.093745455,0.089642308
22/02/2021,0.065185619,0.036737879,0.075608232,0.111527362,0.144166667,0.07396486,0.124395833,0.058483051,0.139195,0.103196296,0.020164583,0.109771698,0.060473308
23/02/2021,0.101529431,0.035439655,0.037510167,0.108238973,0.122148,0.068162603,0.17135,0.10741,0.1458625,0.142327273,0.0242625,0.083609259,-0.00728534
24/02/2021,0.108458647,0.012511373,0.07680713,0.124619986,0.09806,0.090473981,0.100920833,0.098474074,0.257935294,0.143592308,0.066184615,0.056631818,0.089683582
25/02/2021,0.105969438,0.03327029,0.070756576,0.112565521,0.343752941,0.106881425,0.103825806,0.13324902,0.327981818,0.10742,0.096573333,0.083273438,0.088412593
26/02/2021,0.102370307,0.05060181,0.076987271,0.135332048,0.04019,0.061238346,0.115303846,0.042181081,0.137252381,0.0918,0.097990625,0.101782192,0.122692562
27/02/2021,0.111900787,0.015145982,0.082595129,0.134929268,0.124354545,0.095508564,0.160221053,0.068597143,0.196721429,0.13172963,0.108908929,0.016947458,0.166856757
28/02/2021,0.061866071,-0.032069767,0.054008642,0.125139078,-0.14258,0.101928467,0,0.20108,0,0.030533333,0.29804,-0.282783333,-0.055166667
01/03/2021,0,0,0,0,0,0,0,0,0,0,0,0,0
02/03/2021,0.061437356,0.056794783,0.069505247,0.143375196,0.068044444,0.112415196,0.17894,0.17453125,0.18422,-0.115918182,0.094152174,0.11672,0.097605556
03/03/2021,0.094045833,0.030795918,0.079220278,0.146465042,0.219569231,0.092258458,0.242432143,0.150317073,0.246329268,0.158319149,0.070537838,0.075124138,0.076932576
04/03/2021,0.079145659,0.004028571,0.088802235,0.1550512,0.122961538,0.111858314,0.168374194,0.128409756,0.150613043,0.23626,0.05855,0.064636364,0.083511
05/03/2021,0.068544186,-0.038530769,0.1115285,0.132495455,0.1026,0.07558866,0.25675,0.158425,0,0.088775,0,0.212182353,-0.018777778
06/03/2021,0,0,0,0,0,0,0,0,0,0,0,0,0
07/03/2021,-0.032082609,0.078559259,0.084534,0.13468,0.5729,0.024764516,-0.20095,0.1468,0.40955,0,-0.1232,0.3062,0.15785
08/03/2021,0.068332692,0.057866667,0.113621256,0.112610387,0,0.142489091,0.03246875,0.066535294,0.2776,0.065696667,0.16628,0.099166667,0.066130952
09/03/2021,0.065533636,0.023617089,0.098768683,0.138375653,0,0.120190524,0.065163333,0.06285,0.079793548,0.079051282,0.097113333,0.11347451,0.080158065
10/03/2021,0.064816111,0.032625743,0.084862891,0.148358243,0.144185714,0.109154968,0.135044444,0.090212821,0.245591304,0.160046429,0.004351724,0.156777586,0.015332323
11/03/2021,0.090313529,0.060826389,0.082390847,0.154615265,-0.053778571,0.09109927,0.009781481,0.014464286,0.107153846,0.107330435,0.03182963,0.012186957,-0.062183784
12/03/2021,0.119098995,0.020902091,0.097426727,0.137129028,0.07313,0.067235979,0.059663158,0.204666667,0.063005263,0.156285417,0.011144444,0.119025532,0.03905
13/03/2021,0.098450303,0.043405903,0.09013306,0.124453628,0.210290909,0.114957176,0.13975,0.065706818,0.200086957,0.146266667,0.088554167,0.056774545,0.055621311
14/03/2021,0.126548855,0.061556422,0.089970432,0.145559163,0.02797,0.10988776,0.088786364,0.170008696,0.155443333,0.034435714,0.047994595,0.2035325,0.112278125
15/03/2021,0.058120667,0.0511,0.051558504,0.139824802,0.1983875,0.095081818,0.073772,0.11652973,0.265143478,0.090692754,0.133093023,0.219772727,0.077575
16/03/2021,0.122706143,0.064507317,0.091418135,0.135458217,0.253275,0.085728753,0.155566667,0.0823525,0.374720513,0.125724638,0.179181579,0.19715,0.10218785
17/03/2021,0.089123196,0.018834416,0.118539014,0.143841286,0.064422222,0.048897378,0.121354167,0.038360526,0.108481818,0.144934783,0.07817619,0.19792,0.092204651
18/03/2021,0,0,0,0,0,0,0,0,0,0,0,0,0
19/03/2021,0,0,0,0,0,0,0,0,0,0,0,0,0
20/03/2021,0,0,0,0,0,0,0,0,0,0,0,0,0
21/03/2021,0,0,0,0,0,0,0,0,0,0,0,0,0
22/03/2021,0,0,0,0,0,0,0,0,0,0,0,0,0
23/03/2021,0,0,0,0,0,0,0,0,0,0,0,0,0
24/03/2021,0,0,0,0,0,0,0,0,0,0,0,0,0
25/03/2021,0,0,0,0,0,0,0,0,0,0,0,0,0
26/03/2021,0,0,0,0,0,0,0,0,0,0,0,0,0
27/03/2021,0.085439474,-0.020447826,0.04665,0.142315748,0.2123,0.157681818,0.104318182,0.23146,0.349318182,0.1687625,0.061688889,-0.0307625,0.309283333
28/03/2021,0.097953636,0.058045714,0.097856652,0.175888022,0.369466667,0.112012014,0.238430769,0.17565,0.118875,0.186213514,0.129972222,0.051412903,0.050936538
29/03/2021,0.158819531,0.052395872,0.094544558,0.151097143,0.105352174,0.094049778,0.190612121,0.197631429,0.146024324,0.144415152,0.1616175,0.071384615,0.097555814
30/03/2021,0.121793919,0.058291398,0.115997231,0.121758242,0.168473333,0.120625132,0.112284615,0.090712821,0.287694118,0.143366667,0.017490909,0.080206818,0.082009639
31/03/2021,0.124801042,-0.023438132,0.081769252,0.1190331,0.280193333,0.085815062,0.020976471,0.184092105,0.1816,0.150202778,0.122365789,0.072984483,0.123588462
01/04/2021,0.118008242,0.025826415,0.089074882,0.113781001,0.031377778,0.083070199,0.080830435,0.1144825,0.208716129,0.022828571,0.0036,0.029016327,-0.005026733
02/04/2021,0.16718366,0.076647059,0.102841667,0.146007416,0.204669444,0.117327953,0.134779167,0.149053846,0.194430769,0.098660714,0.172777419,0.040443182,0.080465714
03/04/2021,0.112952778,0.046038428,0.128882772,0.150475923,0.254,0.090214583,0.06395,0.231946154,0.288564516,0.135166667,0.033333333,0.156167742,0.075282895
04/04/2021,0.107158407,0.051395455,0.095305674,0.15725624,0.185022222,0.095451594,0.0225,-0.019163636,0.2347,0.037896667,0.067205,0.038911429,0.125660377
05/04/2021,0.089370992,0.032127541,0.090396034,0.141170748,0.151086364,0.10855995,0.123642105,0.098583333,0.270567647,0.156046296,0.106005128,0.110216949,0.071657051
06/04/2021,0.126155882,0.039748571,0.108020123,0.127417084,0.120215,0.109172093,0.183214286,0.131625,0.22502963,0.173519048,0.035416418,0.092730612,0.093124335
07/04/2021,0.102032203,0.034421392,0.086853058,0.12608243,0.153914286,0.099856751,0.189775,0.0653925,0.140555263,0.094415686,0.038883607,0.047964407,0.072426984
08/04/2021,0.13703209,0.01364433,0.077472727,0.12378159,0.065661905,0.110236574,0.040041667,0.098692,0.170076923,0.133190476,-0.010377273,0.105715686,0.066183333
09/04/2021,0.127526446,0.085451786,0.069467295,0.159922616,0.194084615,0.111380206,0.139605556,0.071526087,0.228069231,0.077222222,0.088792308,0.0132,0.070045161
10/04/2021,0,0,0,0,0,0,0,0,0,0,0,0,0
11/04/2021,0,0,0,0,0,0,0,0,0,0,0,0,0
12/04/2021,0,0,0,0,0,0,0,0,0,0,0,0,0
13/04/2021,0,0,0,0,0,0,0,0,0,0,0,0,0
14/04/2021,0.101244,0.062094118,0.091046983,0.111111754,0.057533333,0.101405882,0.049425,0.149894444,0.16822069,0.158251316,0.140531579,0.121355357,0.084689577
15/04/2021,0.093242361,0.040085302,0.117402989,0.099704093,0.124872,0.104876648,0.04524,0.111119444,0.354062963,0.111857282,0.200842424,0.069944068,0.065086312
16/04/2021,0.043557962,0.005830108,0.097595624,0.077862657,0.154738889,0.113088778,0.062232,0.207050704,0.249204651,0.096453922,0.169919048,0.055091935,0.022827817
17/04/2021,0.031747368,0.041152863,0.084006462,0.096376039,0.342333333,0.141208232,0.073209375,0.127487302,0.161216129,0.102372393,0.153207143,0.087730435,0.092247879
18/04/2021,0.094971795,0.022077189,0.06469912,0.11384291,0.160946154,0.095687339,0.150309091,0.169324444,0.149069767,0.072315534,0.093862069,0.190618966,0.038722727
19/04/2021,0.130872848,0.055106327,0.093077353,0.111215813,0.141254545,0.133790467,0.140753333,0.115461224,0.122301493,0.10430084,0.223390698,0.234280488,0.078921078
20/04/2021,0.143613333,0.04187296,0.106387814,0.10614873,0.177528571,0.104107584,0.118,0.238216667,0.202795122,0.142353247,0.066664516,0.132895588,0.018309896
21/04/2021,0.131206522,0.070424783,0.080988027,0.109542124,0.263415,0.106741277,0.05265098,0.105042857,0.19099697,0.103705263,0.022897143,0.103742353,0.064446328
22/04/2021,0.120172297,0.025304878,0.06371283,0.091061793,0.111865,0.094661639,0.052906452,0.010928205,0.1644,0.136794667,0.07297907,0.05794918,0.03957549
23/04/2021,0.119988889,0.014736629,0.070333012,0.084449497,0.13904375,0.09093078,0.091148148,0.022738462,0.209425,0.09745,0.150432143,0.007887931,0.060121466
24/04/2021,0.166275207,0.046620891,0.082893987,0.134468987,0.147205,0.098971765,0.144413636,0.111121875,0.342673077,0.149838596,0.170072222,0.097135,0.092885185
25/04/2021,0.107593103,0.023913232,0.07758959,0.113912154,0.207885,0.089709605,-0.025591667,0.067887179,0.243008824,0.099401818,0.090712121,0.048743636,0.058094944
26/04/2021,0.087631875,0.050876102,0.082373945,0.122736088,0.096872222,0.113692417,0.115769444,0.128789474,0.3319,0.164346667,0.092061765,0.054656164,0.065466272
27/04/2021,0.128948408,0.061959151,0.127790964,0.135739032,-0.009255,0.106859969,0.1126,0.068231818,0.337429268,0.145046154,0.125388889,0.050074,0.069615432
28/04/2021,0.103899371,0.067638592,0.101089568,0.115349719,0.01704,0.092606489,0.031146269,0.043780645,0.24225,0.122912281,0.093681818,0.128779688,0.055551095
29/04/2021,0.152071861,0.071138,0.107635433,0.129178605,0.254675,0.089222727,0.04305283,0.117317021,0.153925,0.132468919,0.170815217,0.1230775,0.08234
30/04/2021,0.144302198,0.065269355,0.09922236,0.138589038,0.311938889,0.102591592,0.105727778,0.104789286,0.304731034,0.157987931,0.159668421,0.045427586,0.069781328
01/05/2021,0.066167123,0.067021277,0.094183119,0.133694479,0.062445455,0.08203027,-0.044376,0.185735294,0.412883333,0.06247963,-0.010589286,0.040437255,0.058367361
02/05/2021,0.111256081,0.064685714,0.084730118,0.120172533,0.2304,0.09799968,-0.02504,0.201578125,0.252866667,0.113093548,0.03607931,0.107344444,0.03665
03/05/2021,0.113738462,0.047886685,0.107722117,0.122489045,0.056063636,0.096430808,0.124111765,0.224904348,0.223651852,0.069593939,0.1098,0.118044898,0.10664918
04/05/2021,0.085005921,0.093490909,0.107114881,0.113087454,0.243461111,0.098794888,0.126619048,0.162510638,0.204726667,0.178176923,0.160191667,0.001173214,0.099312981
05/05/2021,0.114347619,0.063209842,0.108239658,0.12086772,0.1047,0.085723037,0.1348,0.123719753,0.237784375,0.035871622,0.074231579,0.071771429,0.059978974
06/05/2021,0.113206438,0.086644124,0.097448126,0.108172219,0.125061111,0.094,0.086105714,0.068654098,0.298488571,0.096682022,0.061769091,0.027836508,0.074016484
07/05/2021,0.053409583,0.048460532,0.102390698,0.113559088,0.106380488,0.063974727,0.153535135,0.212430909,0.063644444,0.128299167,0.087422727,0.122516842,0.091483422
08/05/2021,0.053648295,0.065666102,0.135018702,0.101624605,0.089772414,0.048362216,0.06933,0.094222222,0.230336364,0.116188636,0.149014634,0.140566102,0.052475781
09/05/2021,0.07762996,0.08479081,0.107961798,0.067786347,0.140008696,0.102408312,0.037181481,0.096509091,0.16403125,0.04008254,-0.025552632,0.102822951,0.047845638
10/05/2021,0.108844856,0.054041896,0.097673788,0.082505699,0.18073871,0.082069479,0.153146154,0.098698131,0.283658824,0.082848148,0.098145455,0.107993651,0.07461383
11/05/2021,0.103156019,0.050922977,0.103382844,0.117424163,0.14192,0.068330517,0.08173125,0.076039286,0.356704,0.12080137,0.120102857,0.134804839,0.080903008
12/05/2021,0.109235484,0.028331148,0.075861972,0.110115185,0.117798413,0.086025025,0.115613889,0.11134,0.318693548,0.069267241,0.077137838,0.076293333,0.065737324
13/05/2021,0.105143719,0.022482892,0.03765914,0.094479917,0.143019444,0.0907658,0.128953061,0.131804,0.260588889,0.13360303,0.112777778,-0.013251351,0.042665566
14/05/2021,0.091249176,0.03923031,0.062255693,0.127485471,0.03396087,0.104194198,0.208237143,0.111154348,0.3084,0.112680357,0.099755,0.065735897,0.069151685
15/05/2021,0.087672401,0.075173177,0.083900997,0.128249404,-0.11330625,0.073159195,0.081738462,0.196540741,0.1111625,0.133962,0.116352,0.067034545,0.105093782
16/05/2021,0.12635872,0.082773815,0.025642476,0.125958792,0.051721053,0.065015409,0.045808889,0.13783871,0.21922,0.116968421,0.144765517,0.029410714,0.065786395
17/05/2021,0.088416914,0.008191028,0.054538889,0.134599123,0.055985,0.051910678,0.098703125,0.119518182,0.285964286,0.066735088,0.080553571,0.119559155,0.093522156
18/05/2021,0.160609524,0.082699109,0.071404696,0.13020226,0.060221429,0.091907278,0.135525,0.192961111,0.205495652,0.072540984,0.09614,0.019728767,0.102191878
19/05/2021,0.087559036,-0.016340937,0.035394279,0.075249549,0.13585,0.057958447,0.1483425,0.129088889,0.289903448,0.117941379,0.085786486,-0.014203797,0.062411429
20/05/2021,0.117310738,-0.000753831,0.044581538,0.11010901,0.115495833,0.069931629,0.081907407,0.033754348,0.320786364,0.172209677,0.0474875,0.102485417,0.072201339
21/05/2021,0.108501364,0.049117618,0.063340371,0.106722306,-0.125844444,0.045239071,0.049081818,0.140874468,0.336659091,0.092953846,0.087857143,0.059466364,0.050086458
22/05/2021,0.1754925,0.019755674,0.099273063,0.120295972,-0.051651852,0.086751964,0.16206,0.047322581,0.257984615,0.190440426,0.09388,0.06778,0.11371954
23/05/2021,0.094453302,0.042814371,0.050177352,0.099146623,0.279246154,0.051079408,0.1641,0.016785294,0.290241176,0.091493617,0.062195833,-0.023578571,0.013087162
24/05/2021,0.099838547,0.046335171,0.074884634,0.136318704,0.206630303,0.081018768,0.200686667,0.218117857,0.240540741,0.242558824,0.168456667,0.06093617,0.079326866
25/05/2021,0.102134266,0.043722656,0.058220277,0.138695839,0.0612625,0.098495749,0.117561538,0.034192593,0.326383333,0.155808333,0.157416667,0.062918,0.060275229
26/05/2021,0.11457551,0.068732,0.047824513,0.146316123,0.055225,0.08249839,0.063924138,0.102192857,0.253695,0.077586842,0.103704762,0.073065,0.09055618
27/05/2021,0.137285714,0.087344082,0.066726147,0.139554604,0.271143478,0.123013821,0.197290476,0.215471429,0.116269231,0.169446154,0.089818519,0.034510638,0.102337762
28/05/2021,0.106367839,0.025329245,0.049134848,0.141829818,0.15512,0.053170508,0.234916,-0.018523529,0.027990909,-0.003608696,0.206421739,0.072523214,0.059334177
29/05/2021,0.092310119,0.029858203,0.058494528,0.116763624,0.135213333,0.046917729,-0.0774875,-0.1335,-0.077988889,0.175775862,0.002030769,0.130201695,0.017354167
30/05/2021,0.085464,0.000567857,0.068706262,0.135917867,0.09247,0.052229864,0.0108,-0.062392593,0.187644444,0.117830556,-0.114566667,0.061742373,-0.015805495
31/05/2021,0.13283956,0.031812227,0.063516259,0.13633314,0.182461905,0.067823377,0.266718519,-0.000425641,0.253386667,0.152942857,-0.1282,0.047976786,0.045312264
01/06/2021,0.097360204,0.08849386,0.099595009,0.13121118,0.215566667,0.068843021,0.082395238,0.005235135,0.191272727,0.210007317,0.058434375,0.072727778,0.110591
02/06/2021,0.12367976,0.069915789,0.080493128,0.142805216,0.103341667,0.069021976,0.044781395,-0.003858824,0.275973333,-0.019157143,-0.078806061,0.075437313,-0.009109639
03/06/2021,0.122328895,0.093218567,0.07965595,0.119209975,0.108733333,0.082329799,0.132645161,0.026128571,0.325640909,0.143802941,0.156708571,0.110907143,0.128595455
04/06/2021,0.108659921,0.049889524,0.054069391,0.128906029,-0.0356,0.047044213,0.26122439,-0.025415,0.10566,0.134708108,-0.048575676,-0.033544643,0.037201111
05/06/2021,0.119314563,0.050178541,0.074211111,0.131527654,0.049857143,0.082546623,0.257354545,0.095107143,0.25035,0.128144118,0.062042308,0.031621739,0.122661702
06/06/2021,0.133705926,0.091939011,0.061464894,0.146024754,0.024066667,0.12174743,0.038209091,0.02469,0.290592308,0.067923684,-0.057693333,0.030192593,0.013405714
07/06/2021,0.089720497,0.089335321,0.08559808,0.134869053,0.21775,0.088492925,0.054944,0.125684615,0.363671429,0.131576471,0.14525,0.098967347,0.083082022
08/06/2021,0.061269595,0.043916744,0.054663189,0.111172488,-0.032888889,0.08206489,0.068457143,0.052208333,0.45452,0.114603704,0.05095,0.120470455,0.009332955
09/06/2021,0.151844361,0.071947264,0.079773068,0.144729078,0.109633333,0.078758113,0.158871429,0.190595652,0.431175,0.103214286,0.161875,0.049038596,0.08248625
10/06/2021,0.094888321,0.032321333,0.060148489,0.142414424,0.08783125,0.101104982,0.037845,0.127494286,0.267768182,0.126466667,0.066373684,0.043508451,0.071531304
11/06/2021,0.1252025,0.067356098,0.055325654,0.129815711,0.125514286,0.110731674,0.04065625,0.115317647,0.268147826,0.307433333,-0.093684615,0.071596078,0.054732609
12/06/2021,0.105733333,0.032074545,0.091551838,0.125535251,-0.049866667,0.104119802,0.1321,0.21245,0.014496296,0.205163333,-0.26895625,-0.022552632,-0.063361194
13/06/2021,0.076444944,0.050133121,0.060553937,0.142934197,-0.0028,0.119439294,0.172164286,0.094975,0.051063636,0.05586,0.115864706,-0.038565306,0.08055
14/06/2021,0.071887662,0.055509497,0.104308832,0.134595667,0.2595125,0.199025046,0.07625,0.163741667,0.266985714,0.185747826,0.1081,0.05432,0.049772642
15/06/2021,0.109912143,0.049705952,0.090540426,0.147468649,0.13665,0.096630149,0.172327778,0.133388,0.293955,0.087542857,0.173021053,0.060376471,0.114140789
16/06/2021,0.153769748,0.035274519,0.072401689,0.134621298,0.061618182,0.086764271,0.11425,0.016292857,0.1187,0.129045902,0.117854545,0.062241818,0.132030682
17/06/2021,0.188598246,0.120132212,0.083981058,0.149420283,0.239711111,0.134651254,0.065866667,0.139754167,0.380423529,0.3165,0.134321053,0.197497333,0.144689
18/06/2021,0.125580672,0.116424074,0.097484972,0.107567864,0.20632,0.105205935,0.024594118,0.06363913,0.395371429,0.215534043,-0.054257143,0.169,0.045268478
19/06/2021,0.17336413,0.067497351,0.101346711,0.145158516,0.10074,0.060989336,0,0.29622381,0.31915625,0.162964286,0.076142105,0.067880952,0.110729825
20/06/2021,0.090381553,0.015914062,0.08288209,0.112108449,0.02012,0.116579115,-0.16565,0.080178261,0.223755556,0.099392308,0.11688125,0.021351724,0.054220968
21/06/2021,0.126009346,0.00639711,0.033712873,0.076002241,0.1077,0.072516123,0.192575,0.009453333,0.30807931,0.072665,0.014559091,0.105676923,0.015556923
22/06/2021,0.079469189,0.043293151,0.064239233,0.083805127,0.1972375,0.080014286,0.155446667,-0.01548,0.204557143,0.006103448,-0.154377778,0.104310526,0.057066364
23/06/2021,0.104347518,-0.004677143,0.039894346,0.112421697,0.126981818,0.069217722,0.096366667,0.044909524,-0.031623077,0.118938462,0.087271429,0.112217241,0.102101538
24/06/2021,0.063490435,0.09250679,0.070380455,0.139680904,0.267353846,0.097826058,0.023269231,0.201555556,0.294358333,0.143268182,-0.017419048,0.163110638,0.091869014
25/06/2021,0.102026126,0.053428671,0.078087643,0.135031503,0.399315385,0.087532045,0.137833333,0.196838095,0.321675,0.237414286,0.132692857,0.073980645,0.060895238
26/06/2021,0.126998876,0.05493252,0.078791116,0.153447866,0.335636364,0.122058496,0.0068,0.08383,0.102236364,0.123455556,0.146425,0.101835135,0.104591228
27/06/2021,0.122653763,-0.001185937,0.047319899,0.145030755,-0.025733333,0.085412166,0.16324,0.036042857,0.49665,0.068713636,0.027836364,0.099565217,0.063833898
28/06/2021,0.138956881,-0.034456548,0.070935,0.170274306,0.119254545,0.108448122,0.098207692,0.270247059,0.251122222,0.15623,0.029030769,-0.041731429,0.089761667
29/06/2021,0.129090566,0.011785542,0.070000194,0.169932098,0.218788889,0.118957978,0.209133333,0.037655172,0.22632,0.100669565,-0.024916667,0.161112121,0.086127869
30/06/2021,0.124864341,0.078203356,0.078409182,0.156908986,0.14967,0.108462892,0.139677778,0.198266667,0.447805,0.14721,0.065807692,0.117614634,0.093064516
01/07/2021,0.148514019,0.159003743,0.078826205,0.115483478,0.2525,0.137329024,0.125571429,-0.090173913,0.472926667,0.052354167,-0.052438462,0.180022222,0.099784146
02/07/2021,0.110039552,0.149853275,0.099868463,0.153019628,0.306584615,0.121112064,0.06905,0.10494,0.438977778,0.122288,0.144447059,0.068263889,0.0553
03/07/2021,0.100523958,0.067597452,0.111,0.148968415,0.48562,0.121200262,0.05964,0.30446,0.458678571,0.0441,0.146008333,0.159046875,0.0642
04/07/2021,0.133928409,0.129043931,0.108453509,0.17111773,0.392666667,0.126251343,0.2545,0.143886667,0.297333333,0.024231579,0.016971429,-0.014152381,0.079826829
05/07/2021,0.099879851,0.058293617,0.070347619,0.124656824,0.081361905,0.111571139,0.033171429,0.042375,0.3235,0.18068,0.2006,0.069702564,0.027196667
06/07/2021,0.101343333,0.035698131,0.087416317,0.157255814,0.27225,0.097706623,0.015677778,0.155536842,0.393094118,0.164845833,0.149547368,0.097064865,0.082916279
07/07/2021,0.133853,0.082503448,0.132743349,0.11970743,0.238828571,0.090855785,0.158258333,0.120541176,0.228578261,0.299988889,0.146378571,0.090644828,0.094926087
08/07/2021,0.125856436,0.072988,0.107861283,0.108950164,0.266328571,0.096772358,0.0747,0.177414286,0.369784,0.183971429,0.057847368,0.058734211,0.052473214
09/07/2021,0.089471681,0.072633537,0.120186907,0.119777059,0.253535714,0.112377346,0.112211765,0.137830435,0.409266667,0.104370588,0.089622222,0.051230769,0.126331148
10/07/2021,0.137915238,0.059771901,0.120829697,0.157336022,0.283716667,0.085536264,0.113385714,0.22141,0.333471429,0.170896429,0.120692857,0.100557143,0.067644444
11/07/2021,0.143036842,0.018882143,0.05804188,0.160999728,0.028590909,0.094113879,0.02652,0.1358,0.50115,0.118981818,0.12705,0.049308696,0.059621622
12/07/2021,0.091794949,0.010188636,0.101546216,0.141236983,0.106553846,0.08623392,0.227156667,0.183695833,0.258181818,0.141735,0.124042857,0.12407931,0.100701613
13/07/2021,0.080042748,0.047270652,0.109114031,0.111849269,0.1789,0.070291793,0.028447826,0.122218519,0.240935,0.202322222,0.108432143,0.131216364,-0.003655932
14/07/2021,0.100084211,0.077261376,0.097599794,0.090146269,0.101811765,0.104760744,0.104006667,0.245127778,0.39558,0.135328571,0.1042,0.11765,0.09678871
15/07/2021,0.055910169,-0.008321277,0.06985202,0.088818321,0.042666667,0.120173846,0.035771429,0.031685714,0.373614286,-0.094675,0.1320125,0.009227273,0.113436111